0,1
0.0,-0.426079618598754
0.0002,1.5194551080253667
0.0004,1.1630824047254062
0.0006000000000000001,-0.4322381397007198
0.0008,1.9442697108366176
0.001,1.1354317369172398
0.0012000000000000001,2.87832757635187
0.0014,1.9063164616224073
0.0016,1.1052277395067216
0.0018000000000000002,0.470760758360028
0.002,1.3473881218149137
0.0022,2.3891012550569406
0.0024000000000000002,1.9510720949532112
0.0026000000000000003,0.3294819226123041
0.0028,0.30610776838635334
0.003,-0.07220188234340347
0.0032,1.42413928292333
0.0034000000000000002,0.07734045699890663
0.0036000000000000003,-0.7062703823491088
0.0038,-1.322733586332273
0.004,-0.523160883408493
0.004200000000000001,-0.10100225635017779
0.0044,0.09334527404853132
0.0046,0.3630982647481512
0.0048000000000000004,-1.2454267644650021
0.005,0.2584625513737826
0.005200000000000001,0.5132629211082931
0.0054,1.1831124125299923
0.0056,0.721403338930519
0.0058000000000000005,-0.745191922373492
0.006,0.19237217991546882
0.006200000000000001,0.881926431798501
0.0064,0.5867762793782912
0.0066,-0.7197660578305957
0.0068000000000000005,-1.1631616020693574
0.007,0.17806740783435743
0.007200000000000001,-0.23258946106764278
0.0074,-0.11997475840438673
0.0076,-1.8531233174567123
0.0078000000000000005,-1.713604323542973
0.008,-1.9328690251751528
0.0082,-0.32041106210212716
0.008400000000000001,-1.0300314621889584
0.0086,-1.7056050998805186
0.0088,-2.7902289060476213
0.009000000000000001,-1.8942407259890612
0.0092,-0.5313991326324305
0.0094,-0.6980791953938439
0.009600000000000001,-1.116235380249777
0.0098,-1.7972352661769921
0.01,-0.01423030564080598
0.0102,0.5399365218031508
0.010400000000000001,0.7785373822668903
0.0106,0.47016723549394973
0.0108,0.9886877228274177
0.011000000000000001,2.3268247597840928
0.0112,3.1244891992626673
0.0114,2.0990865618650916
0.011600000000000001,1.0220085206564566
0.0118,0.3904053461942092
0.012,1.5781121823843727
0.0122,1.7826843202876974
0.012400000000000001,1.697127685582774
0.0126,0.12227024020016694
0.0128,-0.24835580116890413
0.013000000000000001,-0.579898436938598
0.0132,0.4645856737975569
0.0134,0.3194748668848609
0.013600000000000001,-0.4837375218978418
0.013800000000000002,-1.114415410775097
0.014,-0.6496017824567873
0.0142,-0.07585828073798806
0.014400000000000001,0.16330399570736587
0.0146,-0.834936956368184
0.0148,-1.0620333188483226
0.015000000000000001,-0.09678644265719645
0.0152,1.393016389687034
0.0154,0.7188867072603187
0.015600000000000001,-0.4690707772382981
0.0158,0.34747092215231457
0.016,0.9235401373407286
0.0162,1.5959708839327806
0.0164,0.13311116678329926
0.0166,-0.8924417372021619
0.016800000000000002,-0.14706063151704396
0.017,-0.6683616688129592
0.0172,-0.20782240650078376
0.017400000000000002,-0.024861151203205978
0.0176,-1.3908342460768717
0.0178,-2.855737205869862
0.018000000000000002,-1.893401169178382
0.0182,-0.46598493108005645
0.0184,-0.22313734662641682
0.018600000000000002,-3.0849429750655846
0.0188,-3.189237649302332
0.019,-1.3616205567517545
0.019200000000000002,-1.1993498075555182
0.0194,-0.16532076588102457
0.0196,-1.3948694333078486
0.0198,-0.9778078144323752
0.02,-0.49801143679473714
0.020200000000000003,0.703368086221255
0.0204,1.452335308256191
0.0206,0.37952774988914983
0.020800000000000003,0.6991103744461127
0.021,0.00686034499386956
0.0212,2.5842199028526385
0.021400000000000002,2.5945649942941342
0.0216,0.7905256362079163
0.0218,0.7490918037953797
0.022000000000000002,2.04872017334022
0.0222,1.760975207544404
0.0224,1.8545380730102377
0.022600000000000002,0.3947466279310323
0.0228,-0.38249674892173824
0.023,0.07092356056678167
0.023200000000000002,0.9931079717603104
0.0234,1.1340086722990033
0.0236,-0.9292318354603388
0.0238,-1.1617164718607684
0.024,-0.4003261060743035
0.024200000000000003,0.9778433184457389
0.0244,0.08426881427144123
0.0246,-0.8768616818815986
0.024800000000000003,-1.6580171434421023
0.025,-0.6777204928692595
0.0252,0.2513278934142553
0.025400000000000002,1.7055789521008287
0.0256,-0.3461753227789952
0.0258,-0.5803554359119167
0.026000000000000002,0.07823594734229133
0.0262,2.213343002508329
0.0264,0.4046720025213492
0.026600000000000002,-0.787067757024283
0.0268,-1.7226217161564574
0.027,-0.010889063640214802
0.027200000000000002,-0.26492349577487295
0.0274,-1.1032037657010378
0.027600000000000003,-1.8779929823800112
0.027800000000000002,-2.758617842367338
0.028,-0.2666574361565015
0.028200000000000003,-1.709433614871691
0.0284,-1.2819199640944594
0.0286,-1.5279211493121707
0.028800000000000003,-1.6854359931625416
0.029,-1.4925040980597897
0.0292,-0.31893085066717775
0.029400000000000003,-0.3079047551101741
0.0296,-1.9084410945809038
0.0298,-1.3232299815606354
0.030000000000000002,0.1764700144108762
0.0302,1.8116285920345148
0.0304,1.0340830747145375
0.030600000000000002,0.5249009041516001
0.0308,0.6674443677471142
0.031,2.0460203142121607
0.031200000000000002,3.164366964451077
0.031400000000000004,2.1887974091118454
0.0316,1.2638629298054118
0.0318,0.5865002443848463
0.032,1.5630810106649988
0.0322,2.15636067410356
0.0324,1.4550246735209003
0.032600000000000004,-0.22590544243318245
0.0328,-0.4785333326130504
0.033,0.7358608657854873
0.0332,1.6029083374277564
0.0334,0.9039092312447021
0.033600000000000005,-0.3575591137189671
0.033800000000000004,-1.5180000661295054
0.034,-0.2325923591400969
0.0342,0.3335875389179411
0.0344,0.3543284629080736
0.0346,-0.7403440730666565
0.034800000000000005,-1.1526860282109215
0.035,0.4517363865125403
0.0352,0.5131368155608721
0.0354,0.9928266144572566
0.0356,-0.11864534983433547
0.0358,-0.059127777390830305
0.036000000000000004,0.4038532394530004
0.0362,2.054260340102896
0.0364,0.19928154900090422
0.0366,-0.23704145786280523
0.0368,-0.2743509519397622
0.037000000000000005,-1.1418919605224904
0.037200000000000004,0.8794922422424211
0.0374,0.36843725406004646
0.0376,-3.290671302097027
0.0378,-2.335949089491615
0.038,-1.5078125379333225
0.038200000000000005,-0.9779336250491069
0.038400000000000004,-2.0663576106429375
0.0386,-1.7047980537676084
0.0388,-2.365598214488321
0.039,-1.6557648500936608
0.0392,0.08913586137006413
0.039400000000000004,-0.5734309590081392
0.0396,-1.4051860380719408
0.0398,-1.0646421567450035
0.04,0.3414057480836135
0.0402,2.258340337190867
0.040400000000000005,2.438292924605649
0.040600000000000004,0.8817618464587782
0.0408,1.1459564128694066
0.041,0.9077137612480559
0.0412,2.7457288186336988
0.0414,1.7817638895460366
0.041600000000000005,0.4556415693637451
0.041800000000000004,1.3237209467975948
0.042,1.154776187785064
0.0422,2.595502129749153
0.0424,1.5106351597104886
0.0426,-0.043140685630535525
0.042800000000000005,0.1934455784831941
0.043000000000000003,0.08878180013554315
0.0432,1.6307242807494706
0.0434,-0.2279611020057587
0.0436,-0.24786078161250935
0.0438,-1.2390917753506856
0.044000000000000004,-0.2494135504589382
0.0442,0.8802722448730218
0.0444,0.27276582599812604
0.0446,-1.623322757191143
0.0448,-1.288485655563432
0.045000000000000005,-0.04068644337389585
0.045200000000000004,0.6406433364665727
0.0454,1.0718176261259376
0.0456,-0.7052744020027082
0.0458,-1.262418702299854
0.046,0.6654346925667649
0.046200000000000005,1.0416252830103745
0.046400000000000004,0.34738686204931757
0.0466,-1.0197761643490273
0.0468,-1.3035626701706358
0.047,-1.1150265068799725
0.0472,-0.14871239710001977
0.047400000000000005,-0.25675144410929807
0.0476,-2.021574241324008
0.0478,-1.3616938161221586
0.048,-0.8558190429828828
0.0482,-0.14258841807033729
0.048400000000000006,-0.953019879778764
0.048600000000000004,-2.8636705280208377
0.0488,-2.603801640896791
0.049,-2.149660011995863
0.0492,0.1419978778764971
0.0494,-0.35342211468324725
0.049600000000000005,-1.889109412936357
0.049800000000000004,-0.8058280459290997
0.05,0.8470632831770771
0.0502,1.8716419184966793
0.0504,1.812138421032259
0.0506,0.0042952680822532785
0.050800000000000005,-0.013792952301143524
0.051000000000000004,1.6615628356856194
0.0512,1.4615631363218993
0.0514,2.378446897785603
0.0516,1.2185027679772698
0.051800000000000006,1.2509943327616257
0.052000000000000005,0.6498236624969983
0.0522,2.336162021443035
0.0524,1.2307853018258053
0.0526,0.7038831033846884
0.0528,-0.5330100576882202
0.053000000000000005,0.4604446917906349
0.053200000000000004,1.627674394001403
0.0534,0.5844408994767484
0.0536,-0.968821031764659
0.0538,-1.3025063025797459
0.054,-0.9352542555400918
0.054200000000000005,0.6553021840314739
0.054400000000000004,-0.33992924532226887
0.0546,-0.8984768166890147
0.0548,-0.9096666042732681
0.055,-0.2605186361487825
0.055200000000000006,1.4136212636433862
0.055400000000000005,0.7290786391679547
0.055600000000000004,0.3149668423562173
0.0558,-0.5797683957047646
0.056,0.5524394484027756
0.0562,1.0002900590578454
0.056400000000000006,0.7119612948576067
0.056600000000000004,0.2081200775899611
0.0568,-1.161330091313607
0.057,-1.5835991803729053
0.0572,0.6710995296874269
0.0574,-0.37262582667897026
0.057600000000000005,-2.097884391423621
0.057800000000000004,-2.505662333384257
0.058,-3.3700716847432113
0.0582,0.15204975061855897
0.0584,-1.059541636741117
0.058600000000000006,-1.8111311705098425
0.058800000000000005,-2.0837241521404217
0.059000000000000004,-1.3215631531371628
0.0592,-0.6252469829353553
0.0594,-0.6959249061698376
0.0596,-1.1216538053482108
0.059800000000000006,-1.6145310141763325
0.060000000000000005,0.03283077740693313
0.060200000000000004,1.343377995860969
0.0604,1.3835279415888646
0.0606,0.9777026467164968
0.0608,0.5653525019562634
0.061000000000000006,2.0366143280176137
0.061200000000000004,3.230817181113281
0.0614,2.7305791368366386
0.0616,0.7964752887022299
0.0618,0.7070706013473828
0.062,1.8009265483686645
0.062200000000000005,3.5847093874636045
0.062400000000000004,1.7076603927223417
0.0626,-0.6748992985334732
0.06280000000000001,-0.16140363348089545
0.063,0.5221660584630728
0.0632,0.7820125056439691
0.0634,0.6792948305687901
0.0636,-0.8466007779912107
0.06380000000000001,-1.1873611308672787
0.064,0.05965547274981442
0.06420000000000001,0.6606948925644475
0.0644,0.596871546619159
0.0646,-1.4886512045797136
0.0648,-0.6807776333113178
0.065,-0.3316104962855524
0.06520000000000001,1.6946778459307916
0.0654,1.0997585847946199
0.0656,-0.8878258698971604
0.0658,-1.3899840203459353
0.066,0.2463209462544961
0.06620000000000001,0.7356849848558354
0.0664,0.7737502706067977
0.0666,0.3348684575360025
0.0668,-1.629009570717478
0.067,-0.17066019742363012
0.06720000000000001,0.49877313300074916
0.0674,-0.8014485419343339
0.06760000000000001,-1.9230038894299506
0.0678,-2.11614498314893
0.068,-1.6978520226695486
0.0682,-0.2581672413441296
0.0684,-1.9372464639518876
0.06860000000000001,-2.4383991669230203
0.0688,-3.402954914568679
0.069,-0.4727219325192462
0.0692,-0.55053442053829
0.0694,-0.29788649574952397
0.06960000000000001,-2.376996373337942
0.0698,-1.2781338478619606
0.07,0.13022650748955453
0.0702,2.2368836104841168
0.0704,1.1271016426734914
0.07060000000000001,0.8608359761523899
0.0708,0.8340201958779454
0.07100000000000001,1.5851450509390062
0.0712,2.94938853927498
0.0714,2.0245798784007825
0.0716,1.2269768311110816
0.0718,0.980511666371078
0.07200000000000001,1.251039804282835
0.0722,2.5029085389690264
0.0724,1.6180351732473608
0.0726,-0.5168735687016573
0.0728,0.028890628636271176
0.07300000000000001,0.7055094995383702
0.0732,1.346101399591847
0.0734,0.444361058298288
0.0736,-0.21597323306943783
0.0738,-0.5648371213010238
0.07400000000000001,-0.30621134431726277
0.0742,0.21929702523392902
0.07440000000000001,0.05401219816618785
0.0746,-0.7072581523525121
0.0748,-1.5303534493798503
0.075,0.23981238462737275
0.0752,1.2788457050458713
0.07540000000000001,0.5814699109465353
0.0756,-0.4451044630570508
0.0758,-0.8433289106737776
0.076,-0.02966312941340521
0.0762,1.4088148150950588
0.07640000000000001,1.648429712229849
0.0766,-0.4014159324961168
0.07680000000000001,-1.6183813295241936
0.077,-0.35833321954962427
0.0772,0.5424691228227283
0.07740000000000001,0.38668264721841283
0.0776,-1.7297910562675447
0.07780000000000001,-2.2619190399998805
0.078,-1.2983780840207082
0.0782,-0.38426070186940176
0.0784,-1.3044231913052715
0.0786,-1.9484299657220912
0.07880000000000001,-2.599046762890205
0.079,-1.359896250122567
0.0792,-0.7299226171980704
0.0794,-1.1280529834388224
0.0796,-1.3693364688567655
0.07980000000000001,-1.0392475816640365
0.08,0.026155758604586302
0.08020000000000001,0.976545557459443
0.0804,1.4024215489078855
0.0806,-0.0602919823312027
0.08080000000000001,0.6694442593567859
0.081,1.1040312610714058
0.08120000000000001,2.576141022964961
0.0814,1.7862353612613402
0.0816,0.1905001097670227
0.0818,1.0987503202914262
0.082,1.9254644343081484
0.08220000000000001,1.5803309807274504
0.0824,1.7331222095829886
0.0826,0.5275643217353251
0.0828,-0.5442322535556712
0.083,1.111208348905703
0.08320000000000001,0.045083652346155745
0.0834,0.878298753492784
0.08360000000000001,-0.5712099091822949
0.0838,-1.1965928302307258
0.084,0.7473645157196551
0.08420000000000001,-0.053258461606895624
0.0844,0.2592185476058592
0.08460000000000001,-0.7296395505307208
0.0848,-1.6775484483898793
0.085,0.0239581646080215
0.0852,1.534776265004117
0.0854,0.5535961975791519
0.08560000000000001,-0.6345218993228292
0.0858,-0.5028848162369263
0.08600000000000001,0.8900062820264931
0.0862,1.4508279974791574
0.0864,1.0827471642366349
0.08660000000000001,-0.011349279209970642
0.0868,-0.6014361928393466
0.08700000000000001,-0.9459220419235068
0.0872,0.10111745124087121
0.0874,-0.33319296120739733
0.0876,-1.4835253383874758
0.0878,-3.2245732829790668
0.08800000000000001,-1.2426422661937886
0.0882,-0.18769552374445175
0.0884,-1.1207852329639305
0.0886,-1.9105006432092781
0.0888,-3.1426424136890794
0.08900000000000001,-1.806480290808376
0.0892,-0.003271043496979098
0.08940000000000001,-0.1982037324256194
0.0896,-1.7793761872823848
0.0898,-1.7473495088670632
0.09000000000000001,0.1128918569775671
0.0902,1.4678888196641227
0.09040000000000001,0.9094050075307061
0.0906,-0.24574883191380115
0.0908,0.4585247195299303
0.091,0.7835564386762235
0.0912,1.877179344255419
0.09140000000000001,2.170180851535082
0.0916,1.3384973598459138
0.0918,0.40072482954044036
0.092,1.9883680575828664
0.0922,2.6408812435165365
0.09240000000000001,2.678906530887427
0.0926,0.026407209325344794
0.09280000000000001,0.00029477178330511444
0.093,-0.13913090350084711
0.0932,1.4039742105464486
0.09340000000000001,0.41061108811745917
0.0936,-0.4264239143564012
0.09380000000000001,-1.5205240588550426
0.094,-1.1265809073595436
0.0942,0.8414323214585846
0.0944,0.15708524673796798
0.0946,-0.8368327235602082
0.09480000000000001,-1.464777970836051
0.095,0.24869602836155671
0.0952,1.0723430207614022
0.0954,0.9584484813792513
0.0956,-1.4226533005762465
0.09580000000000001,-0.8372772608673273
0.096,0.17691997264181394
0.09620000000000001,2.0771606705862817
0.0964,0.15484304805470184
0.0966,-0.2985486894571806
0.09680000000000001,-1.49113722130857
0.097,-0.6328566556101151
0.09720000000000001,0.3326557899151718
0.0974,-0.3922006169393648
0.0976,-2.646762006849576
0.0978,-2.2818119702565625
0.098,-0.9558178774688584
0.09820000000000001,-0.6030778715573089
0.0984,-1.248625132141588
0.09860000000000001,-2.5414959623780256
0.0988,-3.3009311883982084
0.099,-2.1379527303922248
0.09920000000000001,0.49940746493861576
0.0994,-0.8118963066510557
0.09960000000000001,-1.363933336448342
0.0998,-2.082991706850631
0.1,0.2673404306508018
0.10020000000000001,1.1559645991944167
0.1004,1.722175941962856
0.10060000000000001,1.1187580869327935
0.1008,0.910821814484771
0.101,2.5338953523220247
0.1012,2.6186583089645814
0.1014,2.2942314501640797
0.10160000000000001,1.6753132647741193
0.1018,0.8185326872817669
0.10200000000000001,1.6959461966848708
0.1022,2.081077636825379
0.1024,1.8766536481121132
0.10260000000000001,0.04182751859938
0.1028,-0.20952720290669274
0.10300000000000001,0.25885010736271014
0.1032,1.1522799498670333
0.1034,0.6103635808992639
0.10360000000000001,-0.761308973172257
0.1038,-1.0074191058146513
0.10400000000000001,0.39307544141518963
0.1042,0.461402336586697
0.1044,0.46086938150549317
0.1046,-0.796578552084784
0.1048,-1.6585726489279273
0.10500000000000001,0.02152756457423009
0.1052,0.9792766058080418
0.10540000000000001,-0.33798948009279606
0.1056,-0.964289422085271
0.1058,-0.7414426026215482
0.10600000000000001,0.48332418724104587
0.1062,1.0750163635094414
0.10640000000000001,1.103064286314556
0.1066,-1.1671788964298047
0.1068,-0.6740705137003364
0.10700000000000001,-0.577462844232354
0.1072,0.5075835687801193
0.10740000000000001,-0.3890056069349327
0.1076,-1.9902940098228008
0.1078,-2.317060378915543
0.108,-1.2132305595396196
0.1082,-1.530566525952863
0.10840000000000001,-1.133781576560577
0.1086,-2.063847054560885
0.10880000000000001,-2.9146460970915054
0.109,-0.6790007401362951
0.1092,-0.2601425543475169
0.10940000000000001,-0.03178055859370982
0.1096,-0.49396155067924885
0.10980000000000001,-1.8536980216373649
0.11,0.7976808259388826
0.1102,0.8213889108979906
0.11040000000000001,1.9548040377387454
0.1106,0.20999770970560205
0.11080000000000001,0.4953616471212191
0.111,2.4878719181810918
0.11120000000000001,3.0218145537898486
0.1114,2.3186739014804694
0.1116,1.3773316062722207
0.11180000000000001,1.0987827275847413
0.112,1.593310061240216
0.11220000000000001,1.6502674227148355
0.1124,1.6412023394017414
0.1126,0.40492829723874935
0.11280000000000001,-0.64380129529011
0.113,0.6181573366116719
0.11320000000000001,0.6691415783912416
0.1134,0.9064652037233336
0.1136,-0.19001364375583807
0.11380000000000001,-1.360538139953728
0.114,-1.0538295580492267
0.11420000000000001,0.45423450015091515
0.1144,-0.11194930862497515
0.11460000000000001,-1.6949440826301994
0.1148,-0.16906541441590228
0.115,-0.04117538480740989
0.11520000000000001,0.48630270020571975
0.1154,0.4759881982995079
0.11560000000000001,-0.6594482804029014
0.1158,-0.3547285813566182
0.116,0.7291427304897333
0.11620000000000001,1.4309169279779381
0.1164,0.7520017791397247
0.11660000000000001,-0.29272920556537974
0.1168,-1.29172076698694
0.117,-0.20315914386289227
0.11720000000000001,0.1535466252412787
0.1174,-0.029174290296204164
0.11760000000000001,-2.2398969663884003
0.1178,-1.4994765021145544
0.11800000000000001,-1.5668440068884262
0.1182,-0.6964157748888167
0.1184,-1.024752380698847
0.11860000000000001,-1.694004317665248
0.1188,-2.8386351624683677
0.11900000000000001,-1.3534113899145361
0.1192,-0.03345391331355774
0.1194,-0.6620139511003948
0.11960000000000001,-1.2691595994334472
0.1198,-2.1026944017455387
0.12000000000000001,-0.02467882467159535
0.1202,2.3095978278250886
0.12040000000000001,-0.0048211385447527455
0.1206,1.1081265595501462
0.1208,-0.12923856761950947
0.12100000000000001,1.75305284156911
0.1212,2.210063953772196
0.12140000000000001,2.011356166475837
0.1216,1.357232110336243
0.1218,1.3142913245849752
0.12200000000000001,1.4268075916909029
0.1222,2.3672999328222977
0.12240000000000001,1.7699405217627457
0.1226,0.40988380098027755
0.1228,-0.2713432669516243
0.12300000000000001,0.626945006333382
0.1232,1.6147535588351705
0.12340000000000001,0.31870064912660334
0.1236,-0.9259975274916934
0.12380000000000001,-1.7467292569377817
0.124,-0.8159157122110339
0.1242,1.35381098311395
0.12440000000000001,0.7930002233848119
0.1246,-1.141092099857176
0.12480000000000001,-1.3965664651308516
0.125,-0.5153367700801693
0.1252,0.9424890399898573
0.1254,0.8638722298131872
0.12560000000000002,0.6442235642987597
0.1258,-0.6102345801120702
0.126,-0.2757890839315349
0.1262,0.9821810771585491
0.1264,1.2261621141180887
0.12660000000000002,-1.005075492237125
0.1268,-1.4190924161646838
0.127,-0.1299745295612303
0.1272,0.6061079382319073
0.1274,0.19540443703620403
0.12760000000000002,-2.169155512844081
0.1278,-2.761232217592693
0.128,-1.8770805057775863
0.1282,-1.123972182245896
0.12840000000000001,-1.030454134881453
0.12860000000000002,-2.0859299117975127
0.1288,-2.2632026412759894
0.129,-1.3134157725122486
0.1292,-1.2594781445626904
0.12940000000000002,0.2941562019112901
0.1296,-0.9520730010795561
0.1298,-1.541622136069048
0.13,-0.6956848071044034
0.1302,1.6226839999833125
0.13040000000000002,1.0158193667507478
0.1306,1.6031007155918058
0.1308,-0.20698459855461826
0.131,2.076448439504886
0.1312,3.1604150746679847
0.13140000000000002,2.3660386005717573
0.1316,0.24819286796397177
0.1318,0.6692390015671942
0.132,1.21710217075809
0.1322,2.4254237756130035
0.13240000000000002,1.9137835297128407
0.1326,1.0800148309682553
0.1328,0.41768833823088847
0.133,0.446894978864587
0.1332,0.6612845170606944
0.13340000000000002,0.35534505854626885
0.1336,-0.44321344629758097
0.1338,-0.5981910074420916
0.134,-0.8444274237081577
0.1342,0.9821233724316119
0.13440000000000002,0.361979276421849
0.1346,-0.9410115874635379
0.1348,-1.5534628011522358
0.135,0.14687515972863727
0.13520000000000001,1.473863009365309
0.13540000000000002,1.4267795680311999
0.1356,-0.9580610804281331
0.1358,0.1646238634323819
0.136,0.7140632244286714
0.13620000000000002,1.2658780910577865
0.1364,0.992018988335839
0.1366,-0.3617636685425243
0.1368,-1.6899530568973251
0.137,-0.44364734366166764
0.13720000000000002,1.1302127157937771
0.1374,-0.887480489117411
0.1376,-1.6903443363910748
0.1378,-1.6456691784393633
0.138,-1.423946568352439
0.13820000000000002,-0.8921471226178463
0.1384,-1.0201714253896736
0.1386,-1.789691186083006
0.1388,-2.5722004640725893
0.139,-2.0867727603556423
0.13920000000000002,-1.0575239195967359
0.1394,-0.6795827902982636
0.1396,-1.3602731939641186
0.1398,-0.5237494050425868
0.14,0.13216974563547035
0.14020000000000002,0.9445276407191743
0.1404,0.7745121690697686
0.1406,0.3132554226265536
0.1408,0.9587088647952857
0.14100000000000001,1.4757952888042567
0.14120000000000002,2.9279191309889434
0.1414,1.4264899583534771
0.1416,1.1139688254467321
0.1418,0.613070275068888
0.14200000000000002,0.7185948530671464
0.1422,2.1850888651597744
0.1424,1.8671776113402276
0.1426,1.296014412270217
0.1428,-0.9228071899776974
0.14300000000000002,0.8157535116705235
0.1432,1.3336438673445599
0.1434,1.0874852796332166
0.1436,-1.457203244835581
0.1438,-1.401863806403367
0.14400000000000002,-0.4724489045618579
0.1442,0.6309400039310692
0.1444,0.22750890303353993
0.1446,-0.7598324179263358
0.1448,-0.8428808283515179
0.14500000000000002,-0.41828732715343114
0.1452,0.8562517814114938
0.1454,0.7948133027477466
0.1456,-0.6607446492329663
0.1458,-0.4815853913054629
0.14600000000000002,0.33841057040485883
0.1462,2.0936286237182458
0.1464,0.4998417324376499
0.1466,-0.8116264226525922
0.1468,-0.5189857679589297
0.14700000000000002,0.3857522068768194
0.1472,0.17285087307088612
0.1474,-0.49606480901374134
0.1476,-1.783358112029227
0.14780000000000001,-1.8620639292867
0.14800000000000002,-1.1634504431617125
0.1482,-0.39668032856477375
0.1484,-1.8285398792364416
0.1486,-1.7993280100808047
0.14880000000000002,-2.470932916607055
0.149,-1.5686166346292107
0.1492,-0.35182795194911054
0.1494,-1.52819221841788
0.1496,-1.1645239156787508
0.14980000000000002,-1.871909804918616
0.15,-0.0618517870585744
0.1502,1.3625767352694953
0.1504,1.524326939571381
0.1506,1.054747923387175
0.15080000000000002,0.8293998461982597
0.151,1.0513177006185468
0.1512,3.1478222207517956
0.1514,2.628493937578638
0.1516,0.943693779799559
0.15180000000000002,0.1843579195332946
0.152,0.9672287136118422
0.1522,2.112095920046267
0.1524,2.1161256007883136
0.1526,-0.1675158252792439
0.15280000000000002,-0.7036200395894179
0.153,-0.04883536742214489
0.1532,0.6166266231326105
0.1534,0.3337699092261318
0.15360000000000001,-0.27944803542753727
0.15380000000000002,-1.7973463319623402
0.154,-0.6355808063047403
0.1542,1.0613525399332917
0.1544,0.8358103651632474
0.15460000000000002,-0.8075295548005716
0.15480000000000002,-1.456777850886148
0.155,0.3465755131095448
0.1552,1.891451050772735
0.1554,1.2972931018544722
0.15560000000000002,-1.0295391046699651
0.1558,-0.41269699088329664
0.156,0.2618881551531158
0.1562,1.2216891924402677
0.1564,0.444122453280081
0.15660000000000002,-1.0693409871667225
0.1568,-1.0615819535966042
0.157,-0.3612372820708711
0.1572,-0.24471778778814446
0.1574,-0.283017998264208
0.15760000000000002,-2.4192722095923833
0.1578,-2.189590878712466
0.158,-1.9729975611097037
0.1582,-0.7548875798321062
0.1584,-1.4943521616245126
0.15860000000000002,-2.171908546690354
0.1588,-3.0092616702860684
0.159,-1.8955828444008886
0.1592,-0.23264521644717032
0.15940000000000001,0.6132655691639113
0.15960000000000002,-0.5865403449686617
0.1598,-1.026749864745503
0.16,0.43362236969773266
0.1602,1.9003506779763126
0.16040000000000001,-0.1837545797614717
0.16060000000000002,1.1499096602075547
0.1608,0.683763754954233
0.161,2.5698278059484343
0.1612,2.4219827801606506
0.16140000000000002,2.548674263057961
0.16160000000000002,1.2241788889743201
0.1618,0.35604535040431695
0.162,0.4723344978800097
0.1622,2.5563855556090247
0.16240000000000002,1.2814080664237522
0.1626,0.20245541500868175
0.1628,-0.9910203902918755
0.163,0.7134713981729917
0.1632,1.118954844118025
0.16340000000000002,0.6720750845140462
0.1636,-1.1334954483049589
0.1638,-0.28356477614724773
0.164,0.522357600116989
0.1642,0.5748735483334805
0.16440000000000002,0.7196965179663704
0.1646,-0.35721410908023093
0.1648,-1.4001373099644485
0.165,0.4287726367950306
0.1652,1.4258101250401027
0.16540000000000002,0.04649867653650208
0.1656,0.12069842457586627
0.1658,-0.8030088098065631
0.166,-0.3984585911342853
0.16620000000000001,1.10757272326039
0.16640000000000002,1.0106811518356733
0.1666,-0.4252169480927152
0.1668,-1.8960068223463606
0.167,0.3810125712135362
0.16720000000000002,0.19499367256503222
0.16740000000000002,0.36892531375239657
0.1676,-2.1557129183634607
0.1678,-1.3755790787658786
0.168,-2.3437467172699065
0.16820000000000002,-0.7710300965327003
0.16840000000000002,-0.7132748529676725
0.1686,-2.190399592401493
0.1688,-3.393568033516248
0.169,-1.754918974040459
0.16920000000000002,0.41151117500441203
0.1694,-0.15898710539927718
0.1696,-2.0887775123391163
0.1698,-1.8253488117029564
0.17,0.5043434931674428
0.17020000000000002,2.1029671683307978
0.1704,1.4340502859089013
0.1706,0.4717752786983363
0.1708,0.2457548308146643
0.171,2.4207071846893413
0.17120000000000002,2.0657601983517044
0.1714,2.770749572866646
0.1716,1.0788106972827771
0.1718,1.1620550647399224
0.17200000000000001,1.2243474145874094
0.17220000000000002,3.530658640771325
0.1724,1.6129110214249616
0.1726,0.8727540307122692
0.1728,-0.2743742071798306
0.17300000000000001,1.1560604514450952
0.17320000000000002,0.47903256535438643
0.1734,0.8406586801373763
0.1736,-1.1336282470605217
0.1738,-1.4345974510000865
0.17400000000000002,0.10642638087474021
0.17420000000000002,1.8752376132011883
0.1744,-0.46294846644379023
0.1746,-0.027933980589045504
0.1748,-0.6985903110121161
0.17500000000000002,0.539262902822454
0.1752,1.6178138175560415
0.1754,0.5990761829672112
0.1756,-1.2631021744166617
0.1758,-0.7552143835500666
0.17600000000000002,0.3258979564848165
0.1762,0.3266945881169495
0.1764,0.6814249827439788
0.1766,-0.6220316474883258
0.1768,-0.76486146619799
0.17700000000000002,-0.60281249626606
0.1772,0.10164495917300101
0.1774,-0.6423198427632703
0.1776,-1.1858507894570371
0.1778,-1.9929034068401592
0.17800000000000002,-1.2952356346239153
0.1782,0.37858348761525973
0.1784,-0.7653835639970283
0.1786,-1.6664541004571944
0.17880000000000001,-2.8652520866867364
0.17900000000000002,-1.847651293390615
0.1792,-0.6081006534748253
0.1794,0.20635492174361592
0.1796,-1.2664011114996294
0.17980000000000002,-1.0253115008282818
0.18000000000000002,0.5131058497116986
0.1802,1.3524139474343153
0.1804,0.980692676718592
0.1806,0.21032515092401416
0.18080000000000002,-0.19663775210404388
0.18100000000000002,1.2439644121063576
0.1812,2.820760874120169
0.1814,2.905864813768612
0.1816,0.6347426274534
0.18180000000000002,0.1260688832364486
0.182,1.55628767133174
0.1822,2.9620908808237685
0.1824,1.520945307944004
0.1826,-0.5254747721835207
0.18280000000000002,-0.43846920685030694
0.183,0.9787283366816075
0.1832,0.6766033475853139
0.1834,0.002562040832699508
0.1836,-0.9334378312838261
0.18380000000000002,-1.2097879071845794
0.184,0.3266771693313518
0.1842,0.4198380924596604
0.1844,-0.3149458995631954
0.18460000000000001,-1.3896127697698466
0.18480000000000002,-0.944326658051248
0.185,0.32859631709816445
0.1852,1.616994791664633
0.1854,1.0377414922317392
0.18560000000000001,-0.09156634084203327
0.18580000000000002,-0.13683905988258244
0.186,0.39831210773342834
0.1862,1.4406529285641945
0.1864,0.334973529837637
0.18660000000000002,-0.738942390164965
0.18680000000000002,-1.3312446936291322
0.187,-0.2587584435738087
0.1872,0.2333877638015383
0.1874,0.40492350992895054
0.18760000000000002,-1.564133906511789
0.18780000000000002,-2.582001033857623
0.188,-1.5376842626818688
0.1882,-0.7017424981162912
0.1884,-0.4671033539757635
0.18860000000000002,-1.2342042185367128
0.1888,-2.984145113642821
0.189,-1.4939643925612105
0.1892,-0.9770818555314377
0.1894,-0.5104078980390301
0.18960000000000002,-1.5108601252005283
0.1898,-1.423783584465389
0.19,-0.4097389992954101
0.1902,1.4340725727060977
0.1904,1.403882570867827
0.19060000000000002,0.24399401268313725
0.1908,-0.18739671405785385
0.191,0.8800653303277277
0.1912,3.184910665794898
0.19140000000000001,1.5306971165134005
0.19160000000000002,1.0658034960731728
0.1918,1.093624101524081
0.192,1.3319796624508387
0.1922,2.0643895627935485
0.19240000000000002,2.1105587828544237
0.19260000000000002,0.3569733690040943
0.1928,-0.5550659126603097
0.193,0.7347977687680451
0.1932,0.19927451071531055
0.19340000000000002,1.0664560939460754
0.19360000000000002,-1.1847935117849986
0.1938,-1.2705429712126417
0.194,-1.4629740148821226
0.1942,0.964790742647174
0.19440000000000002,-0.3471321874986641
0.19460000000000002,-0.914924020156306
0.1948,-1.7990224008544942
0.195,0.8473421320622749
0.1952,1.8029632067585286
0.19540000000000002,0.6945610693033051
0.1956,-0.4987361677575032
0.1958,-0.27238157413205244
0.196,0.6330707265319464
0.1962,1.5431118892410467
0.19640000000000002,0.6926830556194683
0.1966,-1.5623736575555185
0.1968,-1.232712093576691
0.197,-0.7004365717379761
0.19720000000000001,0.31197113995768366
0.19740000000000002,-1.1312239805089737
0.1976,-1.8041687921938627
0.1978,-1.5921462301025362
0.198,-2.1735256015040902
0.19820000000000002,-1.0471112812444592
0.19840000000000002,-0.9617874509879378
0.1986,-1.9422770937554343
0.1988,-1.4380209633383696
0.199,-1.8014351394494192
0.19920000000000002,-1.3697374935513973
0.19940000000000002,0.06500621398902362
0.1996,-1.1359173483950398
0.1998,-1.2724868581811506
0.2,0.2865719589950166
0.20020000000000002,1.1823504242392928
0.20040000000000002,0.29530603221439455
0.2006,1.0781741605449322
0.2008,0.6240577061159245
0.201,1.554630348811413
0.20120000000000002,2.5059378878388547
0.20140000000000002,3.224103021367598
0.2016,1.2012176190378725
0.2018,-0.04045579984412617
0.202,1.5387195283618058
0.20220000000000002,2.747364352517052
0.2024,2.9606646158127345
0.2026,1.0246850296357812
0.2028,-1.7469657265194574
0.203,0.26241071400139776
0.20320000000000002,1.0683366027608763
0.2034,1.5664427256670066
0.2036,-1.1884087114070794
0.2038,-1.1165174896133303
0.20400000000000001,-0.5345741950650622
0.20420000000000002,1.0072689763170735
0.2044,0.6244995162215576
0.2046,-0.9674767787228363
0.2048,-0.5656461656592655
0.20500000000000002,0.3145274499247513
0.20520000000000002,1.7885213809237723
0.2054,0.3658573912812717
0.2056,0.012024182065463018
0.2058,-1.1174614685831972
0.20600000000000002,1.2453763602860224
0.20620000000000002,1.26527580004739
0.2064,1.426116154437427
0.2066,-0.30130134660828023
0.2068,-0.8203893787924377
0.20700000000000002,-0.12712428225160682
0.20720000000000002,-0.00018687781381393487
0.2074,-0.4901850619182838
0.2076,-1.7028335678597128
0.2078,-1.3788694749803458
0.20800000000000002,-1.1625681128095782
0.2082,-1.183463804596724
0.2084,-1.5901260367277352
0.2086,-2.101162466702823
0.2088,-3.3335301926060494
0.20900000000000002,-2.1560258184156327
0.2092,-0.20271807771090575
0.2094,-0.9733758037824822
0.2096,-1.698316451864164
0.20980000000000001,-0.11758115812561498
0.21000000000000002,-0.3797524397178293
0.2102,1.2357561019072052
0.2104,1.3159857765253864
0.2106,1.169184191906832
0.21080000000000002,0.24663663218192422
0.21100000000000002,0.9615020166420756
0.2112,2.408825701362353
0.2114,2.821513295409016
0.2116,0.6486261184649109
0.21180000000000002,0.9098521483827786
0.21200000000000002,1.9421427871001073
0.2122,2.486466267457368
0.2124,1.2228982865574272
0.2126,0.9991164150409692
0.21280000000000002,-0.7403354489939316
0.21300000000000002,-0.38631501746419883
0.2132,2.3574209468650005
0.2134,0.5009858848030493
0.2136,-0.26146295409984877
0.21380000000000002,-0.9884624516754013
0.21400000000000002,0.29959677632185633
0.2142,0.9086750403976832
0.2144,0.22963730668389137
0.2146,-0.06939856485781415
0.21480000000000002,-0.37336315984514545
0.215,0.21569624392663495
0.2152,1.7338277758847953
0.2154,0.7677485954298442
0.2156,-1.2058408366633664
0.21580000000000002,-0.985742212310148
0.216,0.25452354969094065
0.2162,2.569243566153763
0.2164,1.6647641147338228
0.21660000000000001,0.12863707397118196
0.21680000000000002,-1.493507750029782
0.217,-0.4744496832969083
0.2172,-0.05031592773775023
0.2174,-1.012389897499623
0.21760000000000002,-1.9589606381892286
0.21780000000000002,-2.4696235117068546
0.218,-1.6335176343432116
0.2182,-0.6552081144555576
0.2184,-1.0647887396709723
0.21860000000000002,-1.1681580360029398
0.21880000000000002,-3.399747320578602
0.219,-1.6571816982411522
0.2192,-0.7024326462677041
0.2194,-0.710951838337899
0.21960000000000002,-0.903995696794577
0.21980000000000002,-1.8671837682570729
0.22,-0.12094985177819496
0.2202,0.925390589000073
0.2204,2.477472344001878
0.22060000000000002,0.9675348289877859
0.22080000000000002,0.9284826126922414
0.221,0.9442333186108104
0.2212,2.228758246431271
0.2214,2.3643083835185785
0.22160000000000002,1.4836388255366657
0.2218,0.8705502039654808
0.222,1.1443845983463923
0.2222,2.533058818984275
0.22240000000000001,2.1560223138976586
0.22260000000000002,0.035636561742403844
0.2228,-0.38772227389562264
0.223,0.6479342795090745
0.2232,0.4649633148682596
0.22340000000000002,0.5637544156977979
0.22360000000000002,-0.26351499078632146
0.2238,-1.2933328132820294
0.224,0.17177447806905743
0.2242,0.2984273562618566
0.22440000000000002,0.4363020226666682
0.22460000000000002,-1.5975139498297097
0.2248,-1.3725187274552182
0.225,0.27905338281711917
0.2252,0.4120850620536428
0.22540000000000002,0.5972517991477422
0.22560000000000002,-0.5815681630755765
0.2258,0.1423977447717052
0.226,-0.5400608368854469
0.2262,1.4781597767236472
0.22640000000000002,0.8121289961313358
0.22660000000000002,-1.012200529637593
0.2268,-0.7689067753174061
0.227,0.09065308976593872
0.2272,0.4065201504975319
0.22740000000000002,0.6581402694425533
0.22760000000000002,-0.8732672103693133
0.2278,-2.6462262489627553
0.228,-1.5632432352221284
0.22820000000000001,-1.223181669455223
0.22840000000000002,-0.513124345575062
0.2286,-1.4826241807643352
0.2288,-2.631921212739439
0.229,-1.0821359384388172
0.22920000000000001,0.11382785895828051
0.22940000000000002,-0.3041674378256023
0.2296,-1.553409803885921
0.2298,-1.1827632521696207
0.23,-0.5117828503090454
0.23020000000000002,1.0471392250858775
0.23040000000000002,1.4647584483893699
0.2306,0.21415341445583164
0.2308,0.5341754623941879
0.231,2.3642522636744197
0.23120000000000002,2.909865660538856
0.23140000000000002,2.6882916406612685
0.2316,1.3186425546679985
0.2318,1.1002822685701674
0.232,2.0897085932026003
0.23220000000000002,2.553155117257785
0.23240000000000002,2.081150586122985
0.2326,-0.10502584124599357
0.2328,1.1907105563740914
0.233,0.06837508751082622
0.23320000000000002,0.7581803624093681
0.23340000000000002,0.6826094289421027
0.2336,-1.850699838112579
0.2338,-0.5355360826370751
0.234,0.25182009515632764
0.23420000000000002,-0.19817811454380851
0.23440000000000003,0.7751292884663604
0.2346,-0.5968991534647478
0.2348,-1.223163693009527
0.23500000000000001,0.001281660033932625
0.23520000000000002,0.6937935346239212
0.2354,1.1023193838407466
0.2356,-0.737823077160006
0.2358,-0.027575646762685757
0.23600000000000002,-0.12288085164022927
0.23620000000000002,1.3608883505320846
0.2364,1.154201435195088
0.2366,0.0028194277018157576
0.2368,-1.1057239428072474
0.23700000000000002,-0.20859671175302094
0.23720000000000002,-0.1538322090852165
0.2374,-1.3068505505610841
0.2376,-1.8559157781917663
0.2378,-2.8268263665221953
0.23800000000000002,-0.8288823711779426
0.23820000000000002,-1.2745252858335125
0.2384,-1.2077277576858174
0.2386,-2.449902182255637
0.2388,-2.368133552358431
0.23900000000000002,-1.5409735637446187
0.23920000000000002,0.09240274457729336
0.2394,-0.5533362923128367
0.2396,-1.437945688209304
0.2398,-1.0513770759141172
0.24000000000000002,0.4304598592961528
0.24020000000000002,1.0647200357270101
0.2404,1.9831126177938607
0.2406,-0.29656579134560146
0.24080000000000001,1.3302110576743928
0.24100000000000002,2.159371176466401
0.2412,2.7370689600627864
0.2414,2.0053101670712814
0.2416,1.0507181281991491
0.24180000000000001,0.36321179136970155
0.24200000000000002,2.000271768090096
0.2422,2.22003144453646
0.2424,1.4637410667348707
0.2426,0.37676059851489707
0.24280000000000002,-0.193055085135255
0.24300000000000002,1.3382972070432753
0.2432,2.048665614259247
0.2434,0.8135950815200799
0.2436,0.15555203106101256
0.24380000000000002,-0.7498712157989862
0.24400000000000002,0.4720184884992213
0.2442,0.44353787498499603
0.2444,0.15067482168197427
0.2446,0.11470007154344408
0.24480000000000002,-0.0449762737582271
0.24500000000000002,-0.09259287010966669
0.2452,0.7716057304448274
0.2454,0.9236607805800323
0.2456,-0.8033558733257786
0.24580000000000002,-0.8197003331604166
0.24600000000000002,0.3046040451784871
0.2462,1.0248199056803966
0.2464,0.9500466257698267
0.2466,-0.04248637384127735
0.24680000000000002,-1.8357420460379752
0.24700000000000003,-0.18358987661883958
0.2472,0.6010464638154371
0.2474,-0.37526615084199466
0.24760000000000001,-1.4063084381094133
0.24780000000000002,-2.7981197773058475
0.248,-1.5072859813318003
0.2482,-0.7948234483711218
0.2484,-0.8912415777991767
0.24860000000000002,-2.9888930438557555
0.24880000000000002,-3.1615362196080428
0.249,-1.0066648313439477
0.2492,-0.06280074771401589
0.2494,-0.2558416457286513
0.24960000000000002,-0.41257031556591284
0.24980000000000002,-1.5734136211327994
0.25,-0.34154579864659435
0.25020000000000003,0.6604486219151889
0.2504,1.2713458736123464
0.2506,1.1108956428890857
0.2508,0.5718080770855292
0.251,1.1467645394084254
0.25120000000000003,3.698365610722991
0.2514,3.5365214311559834
0.2516,1.1458175356122489
0.2518,0.3580343836652418
0.252,1.8485576235656582
0.25220000000000004,1.6692720854464382
0.2524,2.0997519413568138
0.2526,0.33497574709951594
0.2528,1.1701264693542288
0.253,1.4491288645188685
0.25320000000000004,0.1838815766023787
0.2534,0.4545552987961974
0.2536,-0.4824056392835229
0.2538,-1.668038956099577
0.254,-1.241284633116952
0.25420000000000004,-0.04107815266098236
0.2544,0.6451263957732367
0.2546,-0.26268457660250155
0.2548,-0.8179819217370347
0.255,0.21384784493466075
0.25520000000000004,1.1995059530966348
0.2554,0.09880735199649027
0.2556,-1.0340477692304866
0.2558,-0.39083278147221134
0.256,0.09178321292025071
0.25620000000000004,1.8099942678385965
0.2564,-0.23882281582898357
0.2566,-1.1376957694539387
0.25680000000000003,-1.4159935322270836
0.257,0.07155628969430472
0.25720000000000004,0.26974204915238253
0.2574,-0.4556535960748058
0.2576,-2.165901227105084
0.25780000000000003,-2.494829276448935
0.258,-0.7392733119334615
0.2582,-0.48764563535576466
0.2584,-0.6930052655921726
0.2586,-2.127657606181198
0.25880000000000003,-1.882607291351123
0.259,-1.834332329303565
0.2592,-0.12883194198125023
0.2594,-0.4866103799380034
0.2596,-1.064655887536619
0.25980000000000003,-1.141919229509856
0.26,0.0060899845810262945
0.2602,0.9543693577408285
0.2604,1.7074815247819692
0.2606,1.154417189959842
0.26080000000000003,-0.5316907066317528
0.261,1.7919497654691798
0.2612,2.482737695828458
0.2614,2.1518452131122316
0.2616,1.5004953153779763
0.26180000000000003,-0.5094655207499638
0.262,1.0774425483011716
0.2622,2.27148089834969
0.2624,1.4913064412841062
0.2626,-0.09675064942248734
0.26280000000000003,-1.432006380220419
0.263,0.18453998603123178
0.2632,0.6314790249278631
0.2634,1.2999980551049044
0.2636,-0.7685520466450816
0.26380000000000003,-1.5711789496463688
0.264,-1.5896428891152643
0.2642,0.6597049924405746
0.2644,0.0484009517135314
0.2646,-1.2630977335672546
0.26480000000000004,-0.4082263167099328
0.265,0.9162300556621946
0.2652,0.8301548219805934
0.2654,1.0773939508607473
0.2656,-0.9494646682877581
0.26580000000000004,-0.3129054858159371
0.266,0.4240054843511728
0.2662,1.6275438325091367
0.2664,0.19123878373424819
0.2666,0.2668313677341265
0.26680000000000004,-1.0071202534708232
0.267,0.2919198886636386
0.2672,0.3647595870594621
0.2674,0.30672661819882563
0.2676,-1.0499349481816358
0.26780000000000004,-1.9343844949705986
0.268,-1.228293889962505
0.2682,-0.47806047642946137
0.2684,-0.8036080166108956
0.2686,-2.9579563801222566
0.26880000000000004,-2.4222592341845965
0.269,-1.8854154072373341
0.2692,-1.000892360804258
0.26940000000000003,-1.222716075617549
0.2696,-0.8119579473192439
0.26980000000000004,-1.701689974541525
0.27,0.2359830795408489
0.2702,1.7835677847947786
0.27040000000000003,1.211548118402761
0.2706,0.6831324571296256
0.27080000000000004,0.23277684368313484
0.271,2.378950376847469
0.2712,1.9767299712609296
0.27140000000000003,1.4327041780747742
0.2716,0.676872887916329
0.2718,1.2817541768897591
0.272,0.8972750209471451
0.2722,2.914501409497852
0.27240000000000003,1.6418385689833361
0.2726,0.7010689494124367
0.2728,-0.7347760923105187
0.273,-0.6588552818267754
0.2732,1.2084182206622915
0.27340000000000003,0.450035502473312
0.2736,-1.1904753458450958
0.2738,-0.9690645329855677
0.274,-0.5905068578534797
0.2742,-0.37923394949814015
0.27440000000000003,-0.5396346079608519
0.2746,-0.19836170670115982
0.2748,-1.674371475699544
0.275,0.41948237802922894
0.2752,0.9515466633887346
0.27540000000000003,0.6138561534343192
0.2756,-0.60493059778014
0.2758,-0.13895653922977436
0.276,0.23313704780620997
0.2762,0.6423504757025932
0.27640000000000003,1.1803768687340208
0.2766,-0.3728148585220677
0.2768,-1.3473863592467212
0.277,-0.08053398705067305
0.2772,0.03961903134720052
0.27740000000000004,0.3167315461159087
0.2776,-2.5084231279968146
0.2778,-1.4576292737872487
0.278,-1.8513648969069383
0.2782,-0.6945089624251165
0.27840000000000004,-0.41933409271314137
0.2786,-1.234205673977775
0.2788,-2.744986906262646
0.279,-1.816662710179953
0.2792,-0.5890876488754295
0.27940000000000004,-0.5666537425709244
0.2796,-0.9176257011288016
0.2798,-0.9595495031428933
0.28,-0.6642332957749039
0.2802,1.272856103079715
0.28040000000000004,1.5643640639695735
0.2806,1.0354711496055136
0.2808,1.361029174234345
0.281,1.556439952418884
0.2812,2.594149136167856
0.28140000000000004,1.855556135219549
0.2816,1.4807438106179618
0.2818,0.3688242654084911
0.28200000000000003,1.1980124222589164
0.2822,2.487802387401809
0.28240000000000004,1.6318005471647925
0.2826,0.3759413003739449
0.2828,-0.1830736293305167
0.28300000000000003,0.8361674489731081
0.2832,0.8881324552958968
0.28340000000000004,0.7534261390340079
0.2836,-1.301343175503158
0.2838,-1.106173860706995
0.28400000000000003,-0.2233359741339185
0.2842,1.3729407345321367
0.2844,0.6916340148643196
0.2846,-1.1158587210928834
0.2848,-2.046659511052204
0.28500000000000003,-1.0503506921763597
0.2852,1.6309184447764873
0.2854,0.7617274292913695
0.2856,0.4034978698453998
0.2858,-0.9081517833837446
0.28600000000000003,0.24796251010455564
0.2862,1.7559306995791126
0.2864,0.6471055633273815
0.2866,-0.8232913543477942
0.2868,-1.5767957572342535
0.28700000000000003,0.1747165044588409
0.2872,0.9492660351807786
0.2874,-1.2352054289819847
0.2876,-1.3689238209342838
0.2878,-2.244821750283442
0.28800000000000003,-1.6038310072050581
0.2882,-0.5387210170340565
0.2884,-1.2121702409555357
0.2886,-1.6311021835537167
0.2888,-2.2760408593606853
0.28900000000000003,-1.52172523577534
0.2892,-0.052439291312791736
0.2894,-1.0266686105615987
0.2896,-1.316629350624841
0.2898,-1.4284475410103175
0.29000000000000004,0.19636346824459194
0.2902,2.336209336678599
0.2904,0.7018406373463093
0.2906,1.001400544463155
0.2908,0.06801817511460484
0.29100000000000004,1.6031636760888028
0.2912,2.7297798366435115
0.2914,2.6581214106879796
0.2916,0.25960951184808867
0.2918,0.6599249633808227
0.29200000000000004,1.3949147187703046
0.2922,1.3764111829159353
0.2924,1.9901815829908664
0.2926,-0.3656548332194386
0.2928,-0.6037040048096194
0.29300000000000004,0.4222464532955452
0.2932,0.7118908411735118
0.2934,0.3782138227173856
0.2936,-1.4579015681552963
0.2938,-0.8325819679232975
0.29400000000000004,-0.7053985074534297
0.2942,0.280199276432337
0.2944,-0.26899305679976915
0.29460000000000003,-1.2739408568162505
0.2948,-1.2058752725955015
0.29500000000000004,-1.6719189584175878
0.2952,1.456607576559121
0.2954,0.7040414236517791
0.29560000000000003,-0.5530644038246122
0.2958,-1.4608906676227886
0.29600000000000004,0.8938614287554254
0.2962,2.288615122020365
0.2964,1.2132332685064031
0.29660000000000003,-0.18624015282716955
0.2968,-0.8690992289828869
0.29700000000000004,0.2662622497555277
0.2972,0.9838185759687724
0.2974,0.6281884313631679
0.29760000000000003,-1.099059282014129
0.2978,-2.7694521279154998
0.298,-0.7081764710831308
0.2982,-1.350682419230624
0.2984,-1.8689423701961148
0.29860000000000003,-2.217126967593717
0.2988,-2.9792521233388953
0.299,-2.0939315465570196
0.2992,-0.411798219655905
0.2994,-0.20412407295599344
0.29960000000000003,-1.8871771561692463
0.2998,-1.309821503784031
0.3,0.38885129810514385
0.3002,1.4683084869340441
0.3004,1.5227160600035787
0.30060000000000003,0.5535770967189033
0.3008,0.9414396952401897
0.301,2.574672674856611
0.3012,2.367925768403996
0.3014,2.734414669331056
0.30160000000000003,1.4686821625401625
0.3018,2.158528947180047
0.302,1.9361270881449997
0.3022,2.033938036275025
0.3024,2.231238365519264
0.30260000000000004,1.2177999855947763
0.3028,-1.9602478549483897
0.303,0.6550390499825087
0.3032,1.8965232957173332
0.3034,0.5181208848515896
0.30360000000000004,-1.0623626493209155
0.3038,-1.022000436105512
0.304,-0.7135356150884955
0.3042,0.8984107931332358
0.3044,0.29861169410625266
0.30460000000000004,-0.8844794321788768
0.3048,-1.3550260258081448
0.305,0.8080633764205881
0.3052,0.6586847866743536
0.3054,1.2835885978945452
0.30560000000000004,-0.4360854062677092
0.3058,-0.011713834376171794
0.306,0.7092253456510332
0.3062,1.8095539113825891
0.3064,0.9972565496995432
0.30660000000000004,-1.026735435577224
0.3068,-0.5130723261587821
0.307,-0.86359658185644
0.30720000000000003,1.0467315550408185
0.3074,-0.4415042083128288
0.30760000000000004,-1.0049457355668245
0.3078,-2.102229605978748
0.308,-1.9359906773046522
0.30820000000000003,-1.44736517892062
0.3084,-1.4990822152607968
0.30860000000000004,-2.1160752830416674
0.3088,-3.401531048180061
0.309,-1.40869278178153
0.30920000000000003,0.38844833638354304
0.3094,-1.1981777844482597
0.30960000000000004,-1.119769504061165
0.3098,-1.1210567898979729
0.31,-0.5153742135866984
0.31020000000000003,1.0683699566858937
0.3104,1.671001919802905
0.3106,0.360520180241167
0.3108,0.1335851497359571
0.311,1.5955346778292938
0.31120000000000003,3.1804719252708598
0.3114,2.4395845704698376
0.3116,1.216193583726109
0.3118,0.679494781972311
0.312,2.311980882704271
0.31220000000000003,3.008850950812278
0.3124,1.4766695350310979
0.3126,-0.05764594832490372
0.3128,-0.6783438734773853
0.313,0.12286287856874764
0.31320000000000003,1.0870917793928845
0.3134,0.07149961515097686
0.3136,-0.8105642216377614
0.3138,-1.1483218428309476
0.314,-0.1718235461177459
0.31420000000000003,0.24261404623882782
0.3144,0.27656541078814423
0.3146,-1.6420208903053077
0.3148,-1.1036343214859456
0.315,0.016197721778979546
0.31520000000000004,1.6022150709596685
0.3154,0.9653040794580949
0.3156,-0.2899553222118943
0.3158,-0.5330805990723343
0.316,0.06260970191556536
0.31620000000000004,0.8309906407417196
0.3164,0.373607434913874
0.3166,0.14849702765536132
0.3168,-1.0657105938950222
0.317,-0.9547779512778527
0.31720000000000004,-0.26507057435774883
0.3174,-0.6924229727444462
0.3176,-1.740480215181426
0.3178,-2.463497248587462
0.318,-1.6592202866540147
0.31820000000000004,-0.5659493546747606
0.3184,-1.544418802357259
0.3186,-3.5650130841156624
0.31880000000000003,-2.3899214554649757
0.319,-1.369165047357407
0.31920000000000004,-0.7496871317623937
0.3194,-1.0909426152692445
0.3196,-1.825451533689181
0.31980000000000003,-1.4705898617103914
0.32,-0.04990909537509152
0.32020000000000004,1.5188591889308802
0.3204,0.8373870681779274
0.3206,-0.7378007454509568
0.32080000000000003,0.23255812587935004
0.321,1.056523263227954
0.32120000000000004,2.318328816641118
0.3214,1.7600321616908974
0.3216,1.391642250922389
0.32180000000000003,0.8032814270993844
0.322,1.1934476589188752
0.32220000000000004,1.6661345212748175
0.3224,2.4228366509461603
0.3226,0.8435265453220531
0.32280000000000003,-1.2484420381318868
0.323,-0.29610387934033483
0.32320000000000004,1.3616892953595277
0.3234,1.1420357571290354
0.3236,-1.145124449455797
0.32380000000000003,-1.3237260420809351
0.324,-1.2426114169207518
0.3242,0.9282963872396234
0.3244,0.048530298742283234
0.3246,-0.8327463410458842
0.32480000000000003,-1.0219983650581579
0.325,0.7157985923002331
0.3252,0.7228330414944448
0.3254,0.19282758767299946
0.3256,0.49671031442499425
0.32580000000000003,-0.23012050003615458
0.326,0.3856913393353425
0.3262,0.015729719596332403
0.3264,0.7635139992145415
0.3266,-0.025852943360406666
0.32680000000000003,-1.8267318915379527
0.327,0.1676585909243697
0.3272,0.2304975883637976
0.3274,-0.7809172095765183
0.3276,-1.7525037417314924
0.32780000000000004,-2.1942028202125825
0.328,-1.5208145488009943
0.3282,-1.4093888085326927
0.3284,-0.9213408415421194
0.3286,-1.9654096444608968
0.32880000000000004,-2.2037550261826393
0.329,-1.0362648680503677
0.3292,-0.8059926921989624
0.3294,-1.2421284368891552
0.3296,-1.6419251047631964
0.32980000000000004,-2.365852510024006
0.33,0.0828440606207586
0.3302,0.5342106890735433
0.3304,1.9344574597283097
0.3306,0.9535686868772686
0.33080000000000004,1.0383853768676143
0.331,1.2284087670377504
0.3312,2.371867337757502
0.33140000000000003,2.0013416254450007
0.3316,1.851767889334548
0.33180000000000004,0.2744255436435735
0.332,0.3502076840594044
0.3322,2.291314548605178
0.33240000000000003,0.6923807633684631
0.3326,0.15241323797851128
0.33280000000000004,0.3291544567723601
0.333,-0.23630226795677228
0.3332,1.6476410604748173
0.33340000000000003,-0.021133708459436962
0.3336,-1.235218670026356
0.33380000000000004,-0.8832743399590319
0.334,-0.2900163758499308
0.3342,0.4510237833577667
0.33440000000000003,-0.5645261154574648
0.3346,-1.116294100874789
0.33480000000000004,-1.0362925209075549
0.335,0.6202629749355563
0.3352,0.5769412384687174
0.33540000000000003,1.2562138124882654
0.3356,-0.70455956129724
0.33580000000000004,-0.7987823201510952
0.336,1.4748984580872573
0.3362,1.327432389470928
0.33640000000000003,0.6622714926189088
0.3366,-0.7856243150629685
0.33680000000000004,-0.9057639602350697
0.337,-0.6452467211552104
0.3372,-0.6388770922623594
0.33740000000000003,-0.5226452665707448
0.3376,-1.352876671429696
0.3378,-1.5647187057112784
0.338,-1.5599925855448222
0.3382,-1.018037379141694
0.33840000000000003,-0.6805351367217376
0.3386,-1.6382375099917583
0.3388,-2.513829872143288
0.339,-1.3997508784317052
0.3392,0.21875534342487446
0.33940000000000003,-0.3726079465174048
0.3396,-1.1990818376060293
0.3398,-0.7095925737490485
0.34,0.48021964084820606
0.3402,2.003715047016295
0.34040000000000004,1.9248080760181479
0.3406,0.8516317999533789
0.3408,-0.6207183294366625
0.341,1.3510766862230492
0.3412,2.205486936146302
0.34140000000000004,2.0533196279909154
0.3416,0.9623531343517916
0.3418,0.5580137121012084
0.342,0.8823089603818621
0.3422,1.6115212803017367
0.34240000000000004,1.9594946569990246
0.3426,0.39357882845228875
0.3428,0.5418520040426443
0.343,-0.577817665266795
0.3432,1.044725852156188
0.34340000000000004,-0.2826836267330204
0.3436,-1.3688758504001222
0.3438,-2.04167499259309
0.34400000000000003,-1.2226621246181513
0.3442,0.8556537143125609
0.34440000000000004,0.3766064033224678
0.3446,-1.0623960442248672
0.3448,-1.2626089073574134
0.34500000000000003,-0.1809046042814368
0.3452,2.096458399894919
0.34540000000000004,1.5806524488089355
0.3456,-0.4331591275666885
0.3458,-1.656002275964971
0.34600000000000003,0.04101244791106895
0.3462,1.0249414892223958
0.34640000000000004,0.8570511077930962
0.3466,-0.6364638051508108
0.3468,-1.6772261965305018
0.34700000000000003,-0.33468006919904797
0.3472,-0.5101438506139926
0.34740000000000004,-0.3168008816834164
0.3476,-1.6864293878173426
0.3478,-2.0264433447671153
0.34800000000000003,-1.2815412414280387
0.3482,-0.7282205608312805
0.34840000000000004,-0.6335760554234076
0.3486,-2.139339524679862
0.3488,-2.303434387369008
0.34900000000000003,-1.8747272522502776
0.3492,-0.7302154525881854
0.34940000000000004,-0.680278910937766
0.3496,-0.9695380902129253
0.3498,-1.0227966866488987
0.35000000000000003,1.308410171062215
0.3502,1.1802546112287913
0.3504,2.1850218290023937
0.3506,1.211186976622303
0.3508,1.067350757243457
0.35100000000000003,1.0164083092233795
0.3512,2.450925414489457
0.3514,2.7768802159989807
0.3516,1.7187540767501974
0.3518,0.24951429555372562
0.35200000000000004,1.5845026806737148
0.3522,2.848918042341557
0.3524,1.6368099756156722
0.3526,-0.01212199414051851
0.3528,-0.09542530453002016
0.35300000000000004,0.4251520538376476
0.3532,0.6691684105078506
0.3534,0.3722543894752987
0.3536,-0.08910005425222711
0.3538,-1.733581012804292
0.35400000000000004,-0.6664565511385332
0.3542,0.9721238484551127
0.3544,0.46944521263126027
0.3546,-1.5714745091939673
0.3548,-0.047894323336843625
0.35500000000000004,0.06944924294789988
0.3552,1.2880148867564922
0.3554,-0.15483985744630901
0.3556,-0.3237105350674278
0.3558,-0.9101366575149019
0.35600000000000004,0.04661981055920794
0.3562,1.8016800603475465
0.3564,0.02514266909220697
0.35660000000000003,-1.3431107910737985
0.3568,-1.0370465080919533
0.35700000000000004,-0.34827515965266365
0.3572,-0.1805694797042775
0.3574,0.21645962478505787
0.35760000000000003,-2.0202817730211446
0.3578,-2.9340290622344782
0.35800000000000004,-1.8142541193339252
0.3582,-0.3882894768614733
0.3584,-1.5405975450204001
0.35860000000000003,-2.714409854570902
0.3588,-2.8120316015823854
0.35900000000000004,-1.179617858176521
0.3592,-0.5653472297045522
0.3594,-0.7200568343787621
0.35960000000000003,-1.8877507861838656
0.3598,-1.5946343728259766
0.36000000000000004,0.24486486231379762
0.3602,2.2712700660809846
0.3604,1.1880613125572186
0.36060000000000003,0.08201777076229672
0.3608,0.31561843810414797
0.36100000000000004,2.166781383152003
0.3612,2.527948350900668
0.3614,1.653253979642312
0.36160000000000003,1.136108458075228
0.3618,0.3833818353312639
0.36200000000000004,1.1050383789709488
0.3622,2.3238486015389914
0.3624,1.5391681446401342
0.36260000000000003,0.1684986037474958
0.3628,-0.10142132207957621
0.36300000000000004,0.752318233647099
0.3632,1.0418798272108691
0.3634,1.2168649405986547
0.36360000000000003,-0.904585333147102
0.3638,-0.7817366270762534
0.364,-0.6082577581325672
0.3642,-0.0186985372148194
0.3644,0.33528166096503803
0.36460000000000004,-1.014287782474193
0.3648,-1.908857692332922
0.365,-0.25260549320598913
0.3652,0.5425488938234527
0.3654,0.7428405063685145
0.36560000000000004,-1.085696160450318
0.3658,-0.5468094914349715
0.366,0.3452717091673411
0.3662,1.4657415939187688
0.3664,0.6246450081328709
0.36660000000000004,-0.856119882511463
0.3668,-1.3770962125393418
0.367,-0.24598187929669207
0.3672,-0.31977406612045245
0.3674,-0.17600261943501738
0.36760000000000004,-1.805112433575313
0.3678,-2.200439800987073
0.368,-2.1789848270240406
0.3682,-0.8641747529214774
0.3684,-0.3692430316900964
0.36860000000000004,-2.0545661140863163
0.3688,-2.159143518631906
0.369,-1.8510732321909495
0.36920000000000003,-0.450455354491398
0.3694,-0.6221123083266608
0.36960000000000004,-1.6773502997194025
0.3698,-1.0939626465787011
0.37,0.10420523565473223
0.37020000000000003,1.241464904236569
0.3704,0.7427690589027607
0.37060000000000004,0.4802082803377859
0.3708,0.08727665004427004
0.371,2.6640542578671393
0.37120000000000003,3.0600398347923328
0.3714,2.0102181036650073
0.37160000000000004,1.9124540534092778
0.3718,1.2728535044771832
0.372,1.292355480608161
0.37220000000000003,1.7091105102283692
0.3724,1.1505723457724915
0.37260000000000004,1.4594084224940895
0.3728,-0.23554933150102786
0.373,0.15786982347999776
0.37320000000000003,2.1490366046909077
0.3734,0.726334052665589
0.37360000000000004,-1.1602430547904683
0.3738,-1.8569397907307463
0.374,-0.7239874011982947
0.37420000000000003,0.9602217107047709
0.3744,0.2895771325399195
0.37460000000000004,-0.7796862921634176
0.3748,-1.1497612054218551
0.375,-0.5607365691272881
0.37520000000000003,0.5908341395458375
0.3754,1.3868558243729827
0.37560000000000004,0.4494170129577388
0.3758,-0.11761796282094583
0.376,-0.43376913037046044
0.37620000000000003,1.4780329093987847
0.3764,0.1379294131304427
0.3766,-0.774381227819911
0.3768,-0.8647581914353547
0.377,0.21029434387392093
0.37720000000000004,0.04793289101505399
0.3774,-0.26039530731454247
0.3776,-1.789435673078518
0.3778,-2.576830223215972
0.378,-1.8153757804035144
0.37820000000000004,0.6210697916124678
0.3784,-0.4727859512843109
0.3786,-2.775938261478133
0.3788,-2.4603900266191943
0.379,-1.3069879525722294
0.37920000000000004,0.00949709476668753
0.3794,-0.3962103026180003
0.3796,-0.7879245191108957
0.3798,-0.8481341616930843
0.38,-0.9493650566959295
0.38020000000000004,2.1606336476789414
0.3804,1.0850794573463014
0.3806,0.7076553605627945
0.3808,0.09164972552632111
0.381,1.0019945849147183
0.38120000000000004,3.2267325125017043
0.3814,2.590621181576479
0.3816,1.9241536948611375
0.38180000000000003,0.18225233901090576
0.382,1.4683990248948122
0.38220000000000004,2.7393944063382176
0.3824,1.564995399134535
0.3826,0.03648554624974004
0.38280000000000003,-1.0619921527735827
0.383,0.3351880217007996
0.38320000000000004,1.0630302455576903
0.3834,0.1997763310940831
0.3836,-0.6286282380668915
0.38380000000000003,-1.5939264631467283
0.384,-0.006366788189283268
0.38420000000000004,0.3109091580580397
0.3844,-0.012820160370895506
0.3846,-0.650264623272912
0.38480000000000003,-1.825611027149769
0.385,0.33124018556277623
0.38520000000000004,1.2974771688556956
0.3854,-0.11850299264234587
0.3856,-0.8259375390372901
0.38580000000000003,-0.9278667200345955
0.386,0.47529002630917117
0.38620000000000004,0.11912735571835986
0.3864,0.4178016498387011
0.3866,-0.15768072054521182
0.38680000000000003,-1.1384162089804928
0.387,0.5436755147663923
0.38720000000000004,0.8188605728781317
0.3874,0.5865840197596491
0.3876,-2.683114377163627
0.38780000000000003,-3.145272119224765
0.388,-1.342139826045914
0.38820000000000005,-0.9841354481834936
0.3884,-1.3000689318618288
0.3886,-2.2965159782499986
0.38880000000000003,-2.454530025663616
0.389,-1.7615882171338506
0.38920000000000005,-0.7131932281885862
0.3894,-0.023938394388414608
0.3896,-1.5144820746589287
0.38980000000000004,-1.3665199940128698
0.39,-0.344818086374331
0.3902,1.7656779717686373
0.3904,0.958772663141576
0.3906,0.32579960076125725
0.39080000000000004,0.6729503887578061
0.391,1.6929666718106757
0.3912,3.2505066000125806
0.3914,2.3371314094251496
0.3916,0.9455939650329237
0.39180000000000004,1.1030086156929684
0.392,1.3411294893465153
0.3922,2.0710330123348526
0.3924,1.6111284814170779
0.3926,-0.26333355419734217
0.39280000000000004,-0.4450966720260716
0.393,0.5757549272554551
0.3932,1.97509987360282
0.3934,0.4063845698768952
0.3936,-0.9223306269728014
0.39380000000000004,-1.9829345303332722
0.394,0.44782741330132236
0.3942,0.00933489106676133
0.39440000000000003,0.38263723813796185
0.3946,-1.1955435942969888
0.39480000000000004,-1.9971131496075585
0.395,-0.9519414157789065
0.3952,1.499851988985252
0.39540000000000003,0.9736290304264654
0.3956,0.5587655641823829
0.39580000000000004,-0.35686302532232633
0.396,0.7716759595775127
0.3962,2.1081406876325266
0.39640000000000003,0.9686494888045947
0.3966,-0.3292291699485399
0.39680000000000004,-2.345410530453111
0.397,-0.3042315630099418
0.3972,0.4020118742092376
0.39740000000000003,-0.6814076202028464
0.3976,-2.4589301590202237
0.39780000000000004,-1.2299928448839048
0.398,-1.724968502031518
0.3982,-1.1027410470595604
0.39840000000000003,-0.021858642500512726
0.3986,-1.9590843264807623
0.39880000000000004,-3.1754987295014034
0.399,-1.3186189407451103
0.3992,-1.248267307182941
0.39940000000000003,-0.17485798973423783
0.3996,-0.9518697784348992
0.39980000000000004,-0.7915768848627888
0.4,-0.5088462489070354
0.4002,0.47306527050923475
0.40040000000000003,1.8888697430710546
0.4006,0.3454628712768996
0.40080000000000005,0.7270152772852978
0.401,1.4695923400367326
0.4012,2.9217387434336035
0.40140000000000003,2.47008577507648
0.4016,1.4605800828547286
0.40180000000000005,1.0674127560465276
0.402,1.9332712262814244
0.4022,2.964573003567413
0.40240000000000004,1.9777388093654202
0.4026,0.5249026064140561
0.40280000000000005,0.23736374554568507
0.403,0.5632591007536664
0.4032,1.3724590693775038
0.40340000000000004,-0.4852388594889807
0.4036,-0.8277978795112406
0.4038,-1.367759954477971
0.404,0.3827156520773985
0.4042,1.2463130518471919
0.40440000000000004,0.09914711398806175
0.4046,-1.7242108833125536
0.4048,-1.5453114538302821
0.405,-0.301373211003338
0.4052,1.8730737287853534
0.40540000000000004,1.012889608924971
0.4056,-0.15485694487015778
0.4058,0.062037452962311
0.406,0.9686446803082307
0.4062,0.3350263461782128
0.40640000000000004,1.1521009507866555
0.4066,-0.8610288083151284
0.4068,-1.6051867402357407
0.40700000000000003,-0.5160975024495761
0.4072,0.48489476305500356
0.40740000000000004,-0.2548123720825217
0.4076,-2.0800209027396184
0.4078,-2.0756161014286776
0.40800000000000003,-1.6037564233924955
0.4082,-0.753873476786594
0.40840000000000004,-0.8418759297448921
0.4086,-1.786745169791206
0.4088,-1.6484989921637156
0.40900000000000003,-1.44742669524863
0.4092,-0.11157680718462193
0.40940000000000004,-0.32967822485685305
0.4096,-1.4654382893838092
0.4098,-1.6299943792558227
0.41000000000000003,0.8064737481649256
0.4102,1.106627011466191
0.41040000000000004,1.8964883774925134
0.4106,0.26963026190637873
0.4108,0.5090451161089857
0.41100000000000003,1.0595664813551793
0.4112,2.551981388038218
0.41140000000000004,2.0111863928939133
0.4116,1.1914122908825038
0.4118,0.46982778834293676
0.41200000000000003,0.4848790978485076
0.4122,2.073712956046284
0.41240000000000004,2.019314394690758
0.4126,0.5778121015519292
0.4128,-1.2004880426918998
0.41300000000000003,0.04375170871923434
0.4132,1.1401494736046756
0.41340000000000005,0.3685778834384462
0.4136,-1.0037372425205946
0.4138,-1.321430108417226
0.41400000000000003,0.11491550929198213
0.4142,1.8447409866286235
0.41440000000000005,0.9154298683465887
0.4146,-0.7388330874510946
0.4148,-1.786078849733284
0.41500000000000004,-0.2724308115649026
0.4152,1.5572844435386297
0.41540000000000005,1.0981119224213354
0.4156,-0.40384888926929263
0.4158,-0.7861253394140119
0.41600000000000004,0.008185862362951712
0.4162,0.9350800506808714
0.4164,0.9723870847898088
0.4166,-0.6603244026880125
0.4168,-0.2549192734242369
0.41700000000000004,0.9273222202802439
0.4172,0.9842239454079938
0.4174,-1.0141978815295596
0.4176,-1.557011781470433
0.4178,-2.652776671625898
0.41800000000000004,-2.2804965829752746
0.4182,-0.5592331382211116
0.4184,-0.785516468806357
0.4186,-2.1211061401728277
0.4188,-2.865829199750896
0.41900000000000004,-1.9332817696036115
0.4192,-0.1950294401371085
0.4194,-0.16770632859449708
0.41960000000000003,-1.7202175459715774
0.4198,-1.0164546300674928
0.42000000000000004,0.5950496740972635
0.4202,1.368240001505409
0.4204,1.8944534575824625
0.42060000000000003,0.9782091567455978
0.4208,-0.3721807311704456
0.42100000000000004,1.67851457041455
0.4212,3.0836146705099035
0.4214,2.944438382544581
0.42160000000000003,1.1394406938327297
0.4218,0.5606288346896723
0.42200000000000004,1.4262703497800238
0.4222,3.0139693614169447
0.4224,2.203855139083571
0.42260000000000003,0.6740448770735328
0.4228,-0.6629621521469373
0.42300000000000004,1.2417882618353566
0.4232,0.8056069143378489
0.4234,0.18781117595968277
0.42360000000000003,-1.0917870885609804
0.4238,-1.8844309662287553
0.42400000000000004,-0.1600840290859487
0.4242,0.3715127183219976
0.4244,-0.40669044360440215
0.42460000000000003,-1.2834619362424178
0.4248,-0.9048302293703845
0.42500000000000004,-0.31212321806217486
0.4252,0.8217265011782674
0.4254,0.08716833402868596
0.42560000000000003,-0.2503368407985522
0.4258,-0.9881612347716079
0.42600000000000005,0.13198424412506668
0.4262,2.0218809563612834
0.4264,2.241567457711186
0.42660000000000003,1.144593722965563
0.4268,-0.48281182776646814
0.42700000000000005,-0.5982881529511401
0.4272,-0.19105083946956247
0.4274,-0.5096375990431682
0.42760000000000004,-1.9392674597189372
0.4278,-1.8862395113127015
0.42800000000000005,-1.7851599588938458
0.4282,-0.9227403543870351
0.4284,-1.3654093189810572
0.42860000000000004,-1.5000671023233918
0.4288,-2.1052521337394943
0.42900000000000005,-1.8723951098040468
0.4292,-1.108886733427184
0.4294,0.2878029155155494
0.42960000000000004,-1.143525467887614
0.4298,-2.389020206245627
0.43,-0.6728826827974227
0.4302,0.7922429792923914
0.4304,1.47618762962781
0.43060000000000004,0.03738696112173667
0.4308,0.05713721362697488
0.431,1.0790740383108879
0.4312,2.3931715274974987
0.4314,3.220191386410436
0.43160000000000004,1.4361961999607693
0.4318,0.9001120892080395
0.432,0.02557245084440085
0.43220000000000003,1.4004605247534807
0.4324,2.0919335392378975
0.43260000000000004,0.0191470560737263
0.4328,0.15151238848414955
0.433,0.07812133087725825
0.43320000000000003,1.607896717100538
0.4334,0.583349150819087
0.43360000000000004,-1.1629957838429343
0.4338,0.42052261009070646
0.434,0.13881552506363265
0.43420000000000003,-0.1838341517368951
0.4344,-0.36398975759716234
0.43460000000000004,-0.21776283786688244
0.4348,-1.569049698870651
0.435,0.255960490576728
0.43520000000000003,0.6424650713472561
0.4354,0.6306042282100838
0.43560000000000004,0.19683017579050166
0.4358,-0.4166334386550311
0.436,0.2905855717201901
0.43620000000000003,0.727027391522703
0.4364,0.565553395121489
0.43660000000000004,-0.2445230574242428
0.4368,-0.5708812528867718
0.437,0.23585798791275403
0.43720000000000003,0.03065145837210148
0.4374,-0.2839173143556344
0.43760000000000004,-1.2829124204230415
0.4378,-2.2476680597665473
0.438,-1.984588877251055
0.43820000000000003,-0.8049145227793991
0.4384,-0.5511531550039019
0.43860000000000005,-1.9985337637927338
0.4388,-2.479927946374423
0.439,-1.8219019141478452
0.43920000000000003,-1.5944841344953686
0.4394,-0.8129278229332313
0.43960000000000005,-1.6971022068855182
0.4398,-1.9426729047584874
0.44,-0.4488736186761312
0.44020000000000004,1.8071509035987272
0.4404,2.0841211201962957
0.44060000000000005,0.2600427651106084
0.4408,0.4106572454426316
0.441,1.7001929233739776
0.44120000000000004,3.3646148394907502
0.4414,1.7410446416384784
0.44160000000000005,1.4438845495253105
0.4418,0.7354534637472129
0.442,1.0178365233221696
0.44220000000000004,2.7848739530757456
0.4424,2.86764234608958
0.44260000000000005,1.2450272021790019
0.4428,-0.3386626931262955
0.443,0.5094044825333992
0.44320000000000004,1.4682777929480606
0.4434,1.3048507743913662
0.4436,-1.3084107849799453
0.44380000000000003,-2.355345359425745
0.444,-0.5695277523228246
0.44420000000000004,0.3654282898969847
0.4444,0.022911014103221217
0.4446,-0.6268411341382867
0.44480000000000003,0.10972330318653567
0.445,0.04474872023984598
0.44520000000000004,1.0887220863957923
0.4454,0.9701725167850621
0.4456,-0.5097588091764386
0.44580000000000003,-0.4644535946924151
0.446,0.7031547055643113
0.44620000000000004,1.603999690463104
0.4464,1.1261359326765348
0.4466,0.0828400035222513
0.44680000000000003,-1.6898454255872433
0.447,-0.8102881892407854
0.44720000000000004,-0.33962510924039124
0.4474,-0.350400115230031
0.4476,-1.586332214241276
0.44780000000000003,-2.461375639281933
0.448,-1.636937036505014
0.44820000000000004,-0.4442279638299174
0.4484,-0.4960737490813759
0.4486,-1.690125067607221
0.44880000000000003,-2.4417937369761553
0.449,-1.943624746942987
0.44920000000000004,-1.1046353141464171
0.4494,-0.4388741609812637
0.4496,-1.0281312721944602
0.44980000000000003,-2.351793352203141
0.45,-0.01821837251388005
0.45020000000000004,1.7392551865704597
0.4504,2.0318166627066088
0.4506,1.164770678942571
0.45080000000000003,0.37765793103634077
0.451,1.3940361472828031
0.45120000000000005,2.638813493545135
0.4514,1.9685002726583791
0.4516,1.7590542387428312
0.45180000000000003,1.1818074446496896
0.452,1.8155655189839106
0.45220000000000005,1.032394302306575
0.4524,2.0437564299611988
0.4526,0.3543240007103949
0.45280000000000004,0.17181438956431538
0.453,0.1581342728885062
0.45320000000000005,2.283031473641528
0.4534,0.656062812421046
0.4536,-0.5658362137451893
0.45380000000000004,-1.1255006090304975
0.454,-0.38250939746171086
0.45420000000000005,0.9599802180343125
0.4544,0.35340562096812345
0.4546,-0.7944988761890591
0.45480000000000004,-0.5242943527000572
0.455,-0.037765925992082235
0.45520000000000005,1.3410808898129758
0.4554,0.030330429148774596
0.4556,0.4046846323964819
0.45580000000000004,-0.6582604740436769
0.456,0.20743755430339555
0.4562,1.4123308930904017
0.45640000000000003,1.0974467476779082
0.4566,0.21071634883607349
0.45680000000000004,-1.0187061722193556
0.457,-0.9017432558791455
0.4572,0.9946171935249729
0.45740000000000003,-1.07723426263825
0.4576,-1.4905154255055157
0.45780000000000004,-2.2296068041005674
0.458,-1.8130524995670796
0.4582,-0.47653419738821035
0.45840000000000003,-2.6139803369127437
0.4586,-2.2604889199897618
0.45880000000000004,-1.8836198101632795
0.459,-1.996211539156483
0.4592,-0.8080646021126107
0.45940000000000003,-1.2083360585403473
0.4596,-0.9257151285544774
0.45980000000000004,-0.7418162367613433
0.46,0.27795675645181717
0.4602,1.2283096245292542
0.46040000000000003,0.8654802567432516
0.4606,0.35450169106039947
0.46080000000000004,0.4300269250896319
0.461,0.9865255429916302
0.4612,3.0862212365224964
0.46140000000000003,2.3678044484976484
0.4616,0.5317024082842822
0.46180000000000004,-0.25738968205160384
0.462,1.644699613788507
0.4622,1.6709903104530364
0.46240000000000003,2.3142742825747717
0.4626,-0.10312320330723651
0.46280000000000004,-0.903696243276531
0.463,-1.0994744820797577
0.4632,1.5303482380132971
0.46340000000000003,1.3246622573965148
0.4636,-1.2151324677552542
0.46380000000000005,-1.4278374127025972
0.464,-0.3329612902648907
0.4642,1.2838996245849423
0.46440000000000003,0.9313648069966878
0.4646,-0.536195583990376
0.46480000000000005,-0.3787089413043955
0.465,0.41015251193442853
0.4652,1.4738218921214108
0.46540000000000004,-0.3166978750366698
0.4656,0.06960166116847305
0.46580000000000005,0.10094694383332325
0.466,0.5830277680828995
0.4662,0.661628472098313
0.46640000000000004,0.9159879662643374
0.4666,-1.048717862375916
0.46680000000000005,-1.5561190326382326
0.467,0.5002102988394874
0.4672,0.08918468710463634
0.46740000000000004,0.244128815266486
0.4676,-2.088155166522971
0.46780000000000005,-1.7493184885673974
0.468,-1.8045880767340912
0.4682,-0.5399540263512658
0.46840000000000004,-1.4482016398099022
0.4686,-2.1776274594526592
0.46880000000000005,-2.234932193782467
0.46900000000000003,-1.8547009262837146
0.4692,0.7085796788397043
0.46940000000000004,0.004450928251519437
0.4696,-0.9679917785407965
0.4698,-1.4826413092718587
0.47000000000000003,0.028812319372503725
0.4702,1.2744380370260575
0.47040000000000004,1.6798991769470826
0.4706,0.15748014201206761
0.4708,0.40821060629186745
0.47100000000000003,1.617521468506352
0.4712,3.413659795333145
0.47140000000000004,1.404668335881336
0.4716,0.7284738234186602
0.4718,0.8360677681555394
0.47200000000000003,1.3507338956321022
0.4722,2.6788366833139645
0.47240000000000004,2.096799295363685
0.4726,0.7638733395178241
0.4728,-0.2693193475230588
0.47300000000000003,0.819133320865828
0.4732,0.46145505538467624
0.47340000000000004,0.4033804135045306
0.4736,-1.1612576693571919
0.4738,-1.367471990469971
0.47400000000000003,-0.08602475793345482
0.4742,0.5316345635086713
0.47440000000000004,0.24926903652406507
0.4746,-1.6038631431363206
0.4748,-1.9502276475178166
0.47500000000000003,0.37070748924270874
0.4752,1.0106652290479723
0.47540000000000004,0.6492518731730479
0.4756,0.015147193618022192
0.4758,-0.31670596768332976
0.47600000000000003,0.3775591344436459
0.4762,0.3737260351133015
0.47640000000000005,1.074000256505519
0.4766,-0.1865057994215975
0.4768,-1.4593822878995812
0.47700000000000004,-0.3173966342025044
0.4772,0.4589417126498325
0.47740000000000005,-0.11859226929339642
0.4776,-0.951668908810566
0.4778,-2.356480867427835
0.47800000000000004,-1.6746721159535598
0.4782,-0.22874224813309885
0.47840000000000005,-0.9239700952526461
0.4786,-1.7430319151437574
0.4788,-2.785560874948959
0.47900000000000004,-2.082634142821103
0.4792,-0.17492296568965077
0.47940000000000005,-0.6061196552385588
0.4796,-2.3860227499985176
0.4798,-1.7985681348183613
0.48000000000000004,0.37626417739826123
0.4802,1.1774224031059428
0.48040000000000005,1.0697629912490771
0.4806,0.915012969972961
0.4808,0.21194182551245608
0.48100000000000004,1.2537694251861131
0.4812,3.150969796938514
0.48140000000000005,1.6352079266164816
0.48160000000000003,1.5617777624998845
0.4818,1.489750977711842
0.48200000000000004,0.6869734765699836
0.4822,2.850209651702426
0.4824,2.094934168356617
0.48260000000000003,0.5711671194092013
0.4828,-0.28773202847729945
0.48300000000000004,0.40593755948520893
0.4832,2.0985604493729815
0.4834,0.2096648804493516
0.48360000000000003,-1.6748126005161472
0.4838,-0.97778340504104
0.48400000000000004,-0.49159195161332303
0.4842,0.6335012342506364
0.4844,-0.33062868531226725
0.48460000000000003,-0.6185556955306516
0.4848,-1.0585102793987413
0.48500000000000004,0.7790713967585264
0.4852,1.265820764694167
0.4854,1.1761404375583464
0.48560000000000003,-0.5665361047669375
0.4858,-1.2028766936663762
0.48600000000000004,-0.13289640800166025
0.4862,1.8922313683323182
0.4864,0.38328404511043435
0.48660000000000003,0.11905800113660125
0.4868,-1.4897389984662233
0.48700000000000004,-0.901218976953811
0.4872,0.3313351518641781
0.4874,0.16934117018135603
0.48760000000000003,-1.2585379770905174
0.4878,-1.7582169187431465
0.48800000000000004,-1.1430658455389717
0.4882,-0.48117020824815715
0.4884,-2.3785288058278233
0.48860000000000003,-2.3506409232705514
0.4888,-3.2009863394838574
0.48900000000000005,-1.825474690092895
0.4892,-0.5795173101789206
0.4894,-0.6675034040597858
0.48960000000000004,-1.6422490758216115
0.4898,-0.9442966196047873
0.49000000000000005,-1.0398399283492483
0.4902,2.1315907295298935
0.4904,1.976093946338462
0.49060000000000004,1.218336254472208
0.4908,0.18785072731664854
0.49100000000000005,1.825037523019104
0.4912,2.4958471116008827
0.4914,2.314606886668945
0.49160000000000004,1.0884447869807201
0.4918,1.1464977547676118
0.49200000000000005,2.1052091952514562
0.4922,2.298753399021302
0.4924,1.9782403445496055
0.49260000000000004,1.0758871062108195
0.4928,0.1347361710092561
0.49300000000000005,0.5099113227062757
0.4932,1.4848192871279355
0.4934,0.32333106287637703
0.49360000000000004,-0.5427015118057834
0.4938,-0.39210405665183057
0.49400000000000005,0.021215311661797964
0.49420000000000003,0.24763798800646275
0.4944,-0.47803553754117556
0.49460000000000004,-1.636347987160469
0.4948,-0.9017418316044103
0.49500000000000005,-0.3454862339760593
0.49520000000000003,0.8402634354926326
0.4954,1.1317477214152865
0.49560000000000004,-1.0796198070594458
0.4958,-1.2842766436530975
0.496,0.5105075860985847
0.49620000000000003,1.1393832469912775
0.4964,1.2580569969064692
0.49660000000000004,-0.20922545508545032
0.4968,-0.7422827281760551
0.497,-0.39911038184269054
0.49720000000000003,1.0510634027899686
0.4974,0.14824679734316532
0.49760000000000004,-1.6826817728074324
0.4978,-2.6686445930036684
0.498,-1.4730736470830026
0.49820000000000003,-1.250563439042166
0.4984,-1.1973423105330114
0.49860000000000004,-2.67454448035677
0.4988,-2.8635212550782896
0.499,-1.9548883818913572
0.49920000000000003,-0.2849437106976458
0.4994,-0.78289139277868
0.49960000000000004,-1.295546075709137
0.4998,-1.1094009180407989
0.5,-0.3675222005373098
0.5002,0.5798021067191286
0.5004000000000001,1.782169220827161
0.5006,-0.11212002246685437
0.5008,-0.5080940817431255
0.501,1.1897369337533967
0.5012,3.457326702114748
0.5014000000000001,1.2689372964076007
0.5016,0.8788706459363143
0.5018,0.9628638326234482
0.502,1.2684532012558836
0.5022,2.5987788403549006
0.5024000000000001,1.1435673685517704
0.5026,-0.012547651156186224
0.5028,-0.38045841950224446
0.503,0.7737915348942261
0.5032,1.2112262996304066
0.5034000000000001,0.952960717942692
0.5036,0.03705294535746184
0.5038,-0.29546247303255113
0.504,0.44533817536193043
0.5042,0.8522656981749918
0.5044000000000001,-0.13505844268100647
0.5046,-0.9042645486930879
0.5048,-0.8170100873517818
0.505,0.7801087598186495
0.5052,1.897813038650421
0.5054000000000001,0.7193307895248242
0.5056,-0.3471685737278389
0.5058,-0.22244304555985095
0.506,0.5678167399509313
0.5062,0.40733098545000146
0.5064000000000001,0.8434286261288152
0.5066,-0.7818755752088481
0.5068,-0.9156841603810313
0.507,-0.31200107747952416
0.5072,0.9904461522828552
0.5074000000000001,-0.5322738475528452
0.5076,0.11323060668331442
0.5078,-2.228290687463748
0.508,-0.40810892709941915
0.5082,-0.5794168763408625
0.5084000000000001,-2.195801225359821
0.5086,-2.3938380797528036
0.5088,-2.9480890478002317
0.509,-1.8698886017152723
0.5092,-1.129901788778517
0.5094000000000001,-0.5889182774303127
0.5096,-0.7297475231761645
0.5098,-1.246852473630038
0.51,-0.4485118045247163
0.5102,1.009684980045198
0.5104000000000001,2.394184875854303
0.5106,1.555610805936735
0.5108,0.41552208527351386
0.511,2.0917582187911368
0.5112,3.647058705250224
0.5114000000000001,2.1360153540417075
0.5116,0.2832930260986888
0.5118,1.946285673087066
0.512,0.6950785734786571
0.5122,2.4724727946049487
0.5124000000000001,1.9068328497141827
0.5126000000000001,1.362195403415683
0.5128,-0.9789052209539568
0.513,0.3160879621101786
0.5132,0.9784227518333702
0.5134000000000001,0.3312642564016762
0.5136000000000001,-0.4297725171173989
0.5138,-2.2445022293636736
0.514,-0.20974598979096692
0.5142,0.5110146033265774
0.5144000000000001,0.8897417434102362
0.5146000000000001,-0.7069381916033024
0.5148,-0.36313193732809623
0.515,0.24253231264673203
0.5152,0.768664690295096
0.5154,0.5514936802634867
0.5156000000000001,-0.3092242413736344
0.5158,-1.6386317743349852
0.516,0.017716331651606965
0.5162,2.6010823227346327
0.5164,1.1651542266859605
0.5166000000000001,-0.7922965576817389
0.5168,-0.39697403328321756
0.517,-0.8349937155864102
0.5172,0.6775893057617841
0.5174,0.7649597302816331
0.5176000000000001,-2.5334402289660307
0.5178,-2.6258462630151924
0.518,-1.9988037322870509
0.5182,-0.6680348093243538
0.5184,-0.7100184995496599
0.5186000000000001,-3.1610317709622864
0.5188,-2.8271150774590104
0.519,-1.673031276201884
0.5192,0.2874066224240729
0.5194,-0.893814725192611
0.5196000000000001,-1.4763887691604862
0.5198,-1.7504518586102529
0.52,0.813455804809988
0.5202,0.46933513020022044
0.5204,1.1534444758784976
0.5206000000000001,0.8604772501953235
0.5208,-0.24878320295838363
0.521,1.2335862826783455
0.5212,3.4931906209964256
0.5214,2.412683292217569
0.5216000000000001,1.4608143962115046
0.5218,1.7970661181840486
0.522,2.7473851922481183
0.5222,2.5060984251913014
0.5224,1.6508763243424496
0.5226000000000001,-0.004325862475984377
0.5228,-0.2431114540915107
0.523,-0.2827984148041297
0.5232,1.9991613278943725
0.5234,1.0673143805441363
0.5236000000000001,-1.3128937111566654
0.5238,-1.595497792156348
0.524,-1.4714879701190144
0.5242,1.1757896148662539
0.5244,-0.26327647235581897
0.5246000000000001,-0.6592577403263775
0.5248,-0.8871462932489655
0.525,-0.7765830742573894
0.5252,0.8477344148157157
0.5254,1.3115746857057082
0.5256000000000001,-0.33434074371940253
0.5258,-0.26794194449765596
0.526,0.24487476212008188
0.5262,0.7149457879222297
0.5264,0.9402006324161567
0.5266000000000001,-1.485076642819819
0.5268,-2.096522763185126
0.527,-0.054760323506677866
0.5272,0.352746236691539
0.5274,0.40668165912288856
0.5276000000000001,-2.4952077559759167
0.5278,-1.9845839089654045
0.528,-2.023874812822955
0.5282,-0.8085106842437021
0.5284,-1.5618834166070317
0.5286000000000001,-2.3443898026643346
0.5288,-2.732456166788283
0.529,-1.5559704263279905
0.5292,-0.7804926395814618
0.5294,-0.8247676160475366
0.5296000000000001,-1.192355203469858
0.5298,-0.9763190339560759
0.53,-0.19007479329173668
0.5302,1.3127108619170593
0.5304,1.0901098715900346
0.5306000000000001,0.1799210001221656
0.5308,0.8362858239252859
0.531,-0.03291235751617916
0.5312,2.6731864561019414
0.5314,2.037195580438699
0.5316000000000001,1.93183685603266
0.5318,0.883338580176668
0.532,1.7436308493284407
0.5322,3.2549077684975862
0.5324,1.668837638666142
0.5326000000000001,0.2469869258617351
0.5328,-1.7465064810800306
0.533,0.6329511194417992
0.5332,0.6010679617783592
0.5334,1.0190545960376685
0.5336000000000001,-0.8247894502884308
0.5338,-1.2813643947601598
0.534,0.24488328992100994
0.5342,1.094835803339779
0.5344,0.7373188437205644
0.5346000000000001,-0.8761589055981246
0.5348,0.153789148064589
0.535,0.495220200642855
0.5352,1.869080067269405
0.5354,0.1684510011563558
0.5356000000000001,0.43125722167121333
0.5358,0.09175209474051982
0.536,1.0104493147150033
0.5362,0.918523967111891
0.5364,1.4270584595279039
0.5366000000000001,-0.3304605007823924
0.5368,-1.47595674546474
0.537,-0.8852277114319647
0.5372,0.8368447534127943
0.5374,-1.4934464054675205
0.5376000000000001,-1.8115404743186492
0.5378000000000001,-2.9313762286926472
0.538,-1.045989794986675
0.5382,-0.7320384853496513
0.5384,-0.2940430161432307
0.5386000000000001,-2.622468050171793
0.5388000000000001,-2.8163620686262343
0.539,-2.171860703019662
0.5392,-0.13863006902895184
0.5394,-0.7429450678366964
0.5396000000000001,-1.264269344697461
0.5398000000000001,-1.8149895588201281
0.54,-0.6910172169017788
0.5402,0.7650206654006466
0.5404,1.645639554299647
0.5406000000000001,0.8787614959297748
0.5408000000000001,-0.4571189351030074
0.541,1.3826414197807737
0.5412,3.144083351079952
0.5414,1.753289076285327
0.5416000000000001,1.0790502853771273
0.5418000000000001,0.2079461292045356
0.542,1.5788463243802433
0.5422,1.5746162589840043
0.5424,1.5632171471242517
0.5426,0.09880361768807416
0.5428000000000001,-0.9363972916516583
0.543,-0.46746266717555485
0.5432,1.4589611929607131
0.5434,0.2035452596834002
0.5436,-0.29688370123216823
0.5438000000000001,-1.111018055954364
0.544,-0.386561449213574
0.5442,0.005523489752269128
0.5444,0.17882579892117323
0.5446,-2.216358514102228
0.5448000000000001,-1.893467281241524
0.545,0.7575093688393626
0.5452,1.085577379078966
0.5454,0.9854696372169494
0.5456,-0.24638332112658512
0.5458000000000001,-1.073129542101643
0.546,0.21273079813152007
0.5462,2.26827865203356
0.5464,1.139659506337513
0.5466,-0.7933998366020326
0.5468000000000001,-1.1906552518940203
0.547,-0.434936237322645
0.5472,0.7381521238824678
0.5474,-0.7732704385484639
0.5476,-2.247052453432727
0.5478000000000001,-1.7954573095931945
0.548,-1.9888866907667322
0.5482,-1.0033381387829192
0.5484,-0.6469996950836536
0.5486,-1.7711067947554908
0.5488000000000001,-3.4281611819335653
0.549,-1.3859615446340308
0.5492,-0.5445534371289245
0.5494,-0.9735903859562828
0.5496,-1.8101270057617556
0.5498000000000001,-1.2188437643161543
0.55,-0.6228996806484678
0.5502,1.3416114395738676
0.5504,1.0791079838181359
0.5506,-0.07956670786258846
0.5508000000000001,0.4639956723081028
0.551,0.9629190219001634
0.5512,1.6895424837253474
0.5514,2.42761266026983
0.5516,0.9239542197128227
0.5518000000000001,0.9844830607752066
0.552,2.4796618361600475
0.5522,2.246944948844772
0.5524,1.3921753472027254
0.5526,0.34121383185252596
0.5528000000000001,0.09758544428192673
0.553,0.3490720268259218
0.5532,0.8161561063198889
0.5534,0.12979083610764336
0.5536,-0.8559908024051367
0.5538000000000001,-0.8143390819359875
0.554,-0.00126159751620053
0.5542,0.40377646803885836
0.5544,0.25582334377171795
0.5546,-1.6475748458167443
0.5548000000000001,-0.6663920754962187
0.555,0.05264261993635867
0.5552,-0.3082336386921023
0.5554,1.2452863758073507
0.5556,-0.38326639814279073
0.5558000000000001,-0.36615159080473303
0.556,0.21561525527824957
0.5562,2.3738373102656265
0.5564,0.5908161440554534
0.5566,-0.5891741831042412
0.5568000000000001,-0.8519592321938396
0.557,0.08204755108855755
0.5572,-0.16728100870851237
0.5574,0.2187907026477245
0.5576,-1.7932458862957836
0.5578000000000001,-2.4799022782871627
0.558,-2.4120068890239583
0.5582,-0.32804098624320643
0.5584,-1.5288725496719495
0.5586,-2.7041485426472525
0.5588000000000001,-2.983381109565862
0.559,-0.7163067014961384
0.5592,-0.9211361057114821
0.5594,-0.37895830057327934
0.5596,-0.9779174630435348
0.5598000000000001,-1.3642790171180497
0.56,0.5601882748341724
0.5602,1.6482460629984839
0.5604,2.0366937014572453
0.5606,0.563438426533125
0.5608000000000001,-0.4189312923405739
0.561,1.421180386819887
0.5612,2.6196916120727907
0.5614,1.9993429809914682
0.5616,0.9303009423024908
0.5618000000000001,-0.3292849088553721
0.562,2.0131149646544113
0.5622,1.7974940149171226
0.5624,1.6657600793797867
0.5626,0.4290039658159107
0.5628000000000001,-0.07671252262271827
0.5630000000000001,1.1633418467160006
0.5632,1.4200613244056857
0.5634,1.457993205529608
0.5636,-0.6026540498761772
0.5638000000000001,-0.16635930035254987
0.5640000000000001,-0.850095892484902
0.5642,1.060289336326088
0.5644,0.3943180649815218
0.5646,-0.8593287160979437
0.5648000000000001,-0.665784713777354
0.5650000000000001,-0.2121767365130021
0.5652,0.5564906783570257
0.5654,0.3454670790704435
0.5656,-0.20405407383048269
0.5658000000000001,-0.67549664748655
0.5660000000000001,0.13505588654699152
0.5662,1.5543515505030072
0.5664,1.1986664425535436
0.5666,-0.39515076471677846
0.5668000000000001,-1.481826249526662
0.5670000000000001,-0.010809630975018858
0.5672,1.0468106573383267
0.5674,0.21193261188668994
0.5676,-1.982480730866261
0.5678000000000001,-2.3435538122552675
0.5680000000000001,-2.1846035505222243
0.5682,-1.2025811985432142
0.5684,-1.2079368559721446
0.5686,-2.313043917513245
0.5688,-2.8881659227629646
0.5690000000000001,-1.5887384801926605
0.5692,-0.34666531295415454
0.5694,-0.5080794733624996
0.5696,-2.2137461360006454
0.5698,-0.87003736214421
0.5700000000000001,0.40155769908539624
0.5702,1.7798563990096448
0.5704,1.5165344425409417
0.5706,0.7658795668092786
0.5708,1.3082186632960566
0.5710000000000001,0.7249386607789294
0.5712,2.8728143446468817
0.5714,3.1556025413227577
0.5716,1.239533538113682
0.5718,-0.0970382089433266
0.5720000000000001,1.4307181977112837
0.5722,2.6949910177952896
0.5724,1.4189860903187697
0.5726,0.6522621187844355
0.5728,0.3622260295923876
0.5730000000000001,0.9760477500434688
0.5732,0.8377919610496479
0.5734,0.7460059336778859
0.5736,-0.9080551295111565
0.5738,-0.7321439822028312
0.5740000000000001,0.10793183082178603
0.5742,0.4286650793407233
0.5744,1.4854195043608678
0.5746,-1.1635579285508315
0.5748,-1.1485874620374588
0.5750000000000001,0.6212970590365742
0.5752,0.8991246813879689
0.5754,1.3859136507389898
0.5756,-0.4105051012640256
0.5758,-0.2207286472378267
0.5760000000000001,0.6103933335563492
0.5762,1.4071313211897047
0.5764,1.2853937066257248
0.5766,-0.24040386520780316
0.5768,-2.2943113477489563
0.5770000000000001,-0.9515654938634048
0.5772,0.5651819941503814
0.5774,1.0136756819151571
0.5776,-1.5414026227483069
0.5778,-1.8629898454007294
0.5780000000000001,-1.9929481134373128
0.5782,-0.7189649573241351
0.5784,-1.214755903938759
0.5786,-2.847079428701556
0.5788,-2.15376912003552
0.5790000000000001,-1.3654835495662432
0.5792,-0.7941553773857574
0.5794,-0.6662621757888001
0.5796,-2.1397515405660688
0.5798,-1.0408973488430395
0.5800000000000001,0.33203844672591354
0.5802,1.1771403026620677
0.5804,2.144304009688152
0.5806,0.30384954868255365
0.5808,-0.320690376374397
0.5810000000000001,1.6833997126280376
0.5812,2.9315022907851427
0.5814,3.0895404532957604
0.5816,1.8361440106379336
0.5818,1.337737024871274
0.5820000000000001,0.8004341314966402
0.5822,3.5525419541428973
0.5824,1.852884187384413
0.5826,0.2032758268743787
0.5828,-1.113429028526994
0.5830000000000001,0.336592032134079
0.5832,0.703804818699362
0.5834,0.6859553167423145
0.5836,-0.8529335262987648
0.5838,-2.1166432054214015
0.5840000000000001,-0.32567899231656744
0.5842,0.2786392283579572
0.5844,1.331208560869854
0.5846,-1.0766284967532627
0.5848,-1.1057729019474278
0.5850000000000001,0.7589173955612235
0.5852,1.2719410199402983
0.5854,1.2328569415454473
0.5856,-0.7996359913347357
0.5858,-1.0312572894934047
0.5860000000000001,0.9874337678389095
0.5862,1.0859454710138476
0.5864,1.0043965334693932
0.5866,-1.3472593105969217
0.5868,-0.977743306667652
0.5870000000000001,0.10138699340672547
0.5872,0.33512985261398426
0.5874,-0.6542146100548645
0.5876,-1.2519255839448484
0.5878,-2.3830220592608526
0.5880000000000001,-2.255046854415793
0.5882000000000001,-0.5293269498077202
0.5884,-1.08736332642522
0.5886,-2.5707389432340877
0.5888,-3.8209798638446313
0.5890000000000001,-1.626253492430675
0.5892000000000001,-0.3813898058633106
0.5894,-0.3367263208304717
0.5896,-1.5274200662150497
0.5898,-1.0988494029208775
0.5900000000000001,0.12565121175716437
0.5902000000000001,1.352377840958233
0.5904,1.6852892649586582
0.5906,0.012588885285814033
0.5908,0.7427018221720233
0.5910000000000001,1.7423287999006942
0.5912000000000001,2.5926490924337555
0.5914,1.4279910835500895
0.5916,1.1456391881871582
0.5918,-0.06613715474019488
0.5920000000000001,1.1076904608350555
0.5922000000000001,1.9093340036581123
0.5924,1.5972409966327852
0.5926,0.3372126454338974
0.5928,-0.09231871641373132
0.5930000000000001,0.16485374469035535
0.5932000000000001,1.1820275055009621
0.5934,0.9840386183626417
0.5936,-1.4645509185326056
0.5938,-1.401694875870608
0.5940000000000001,-0.21966818516821784
0.5942000000000001,1.0497097168841085
0.5944,0.09860994375571147
0.5946,-1.4420338484924002
0.5948,-1.051943202201715
0.595,-0.11466441855062455
0.5952000000000001,1.312464569364568
0.5954,1.0533007393920921
0.5956,0.32144403813031364
0.5958,-1.9169815295984938
0.596,0.8714513846297073
0.5962000000000001,1.1245026451866411
0.5964,0.7995335098534577
0.5966,-0.975747656442805
0.5968,-1.476252369684964
0.597,0.4964048438667886
0.5972000000000001,1.087015851366165
0.5974,0.021766165714113994
0.5976,-2.5741847036488172
0.5978,-2.5102049833937934
0.598,-2.292759541911664
0.5982000000000001,-0.37916101598090457
0.5984,-1.2856588347287832
0.5986,-2.711961215984267
0.5988,-2.1188188365474145
0.599,-1.6509940823637703
0.5992000000000001,-0.9088030903553158
0.5994,-0.9438706294406886
0.5996,-1.6507968481325002
0.5998,-1.624573617941151
0.6,0.2884129335148876
0.6002000000000001,1.5582936700158037
0.6004,1.8914462474432463
0.6006,0.3755482692535419
0.6008,-0.2734372348894071
0.601,1.7838966904865396
0.6012000000000001,2.33318780536372
0.6014,2.7523300291254316
0.6016,0.3338694641005763
0.6018,1.1673067275486153
0.602,0.931932517133555
0.6022000000000001,3.0358611892460243
0.6024,0.799437759312861
0.6026,-0.024201405727922065
0.6028,-0.056434286337063655
0.603,0.6712462659858242
0.6032000000000001,1.0440338165027634
0.6034,0.06016140931613562
0.6036,-0.29830037745590277
0.6038,-1.0306092028508704
0.604,-0.7798803464886845
0.6042000000000001,1.4739666225883192
0.6044,1.0517588273186185
0.6046,0.07611406615068517
0.6048,-2.232627786112227
0.605,0.22303149229143368
0.6052000000000001,1.7832033890897245
0.6054,1.1398977200782192
0.6056,0.3687808179345931
0.6058,-0.19379355986187197
0.606,0.553657378567842
0.6062000000000001,1.5012555795791267
0.6064,1.3787087330463847
0.6066,-0.8928224446274229
0.6068,-1.232019814244941
0.607,0.153539206808877
0.6072000000000001,0.31405078560887173
0.6074,-0.731016722512409
0.6076,-1.554998390534852
0.6078,-2.4695809653134435
0.608,-2.086009944916448
0.6082000000000001,-0.314630141332333
0.6084,-0.2940235099807931
0.6086,-2.2209526569258333
0.6088,-1.832062978620036
0.609,-2.3997951507892705
0.6092000000000001,0.40213041643924263
0.6094,-0.5094150106350804
0.6096,-1.1293594605013526
0.6098,-1.7702065561877771
0.61,-0.38188831845525517
0.6102000000000001,2.3419939804054746
0.6104,1.5595661745896514
0.6106,1.3161936649609385
0.6108,0.48552104600417906
0.611,1.3462779283636306
0.6112000000000001,1.585607898255441
0.6114,1.2971277601862485
0.6116,1.1360154605643007
0.6118,0.21082698702942282
0.612,1.9642479525191399
0.6122000000000001,2.310714510309172
0.6124,1.8491954353632036
0.6126,-0.48089370129485554
0.6128,0.09178390579310597
0.613,0.6518351046888708
0.6132000000000001,1.5019084966460239
0.6134000000000001,0.013397669747798657
0.6136,-0.1462594053862587
0.6138,-1.03791931289078
0.614,-1.0693990972861802
0.6142000000000001,-0.10401090065432417
0.6144000000000001,1.3824768759329842
0.6146,-0.17384646501392997
0.6148,-0.8052228867127094
0.615,-0.37021991686228123
0.6152000000000001,1.5694642336669413
0.6154000000000001,1.1131063056740689
0.6156,-0.5895064673219418
0.6158,-0.6812976813709899
0.616,1.2214651323580172
0.6162000000000001,1.0253071862721956
0.6164000000000001,1.4879477951910984
0.6166,-0.9740160793168677
0.6168,-1.4604324840216907
0.617,-0.9004825844916572
0.6172000000000001,0.2668503441859794
0.6174000000000001,-1.1289464458405072
0.6176,-1.768576236879901
0.6178,-2.6763634976567254
0.618,-2.396686798801851
0.6182000000000001,-0.8989412116982292
0.6184000000000001,-1.2036515710405633
0.6186,-2.119407844142878
0.6188,-2.204302547823269
0.619,-1.7224968775850171
0.6192000000000001,-0.22867143384869756
0.6194000000000001,-0.5854190471180752
0.6196,-1.9120448233582334
0.6198,-1.140170750825855
0.62,0.25262586148849187
0.6202000000000001,2.4810368137539607
0.6204000000000001,1.6308562620176057
0.6206,-0.16912033457564823
0.6208,0.6434678220546735
0.621,1.3410570503083463
0.6212,2.5440086183099657
0.6214000000000001,2.2627832638145926
0.6216,1.8035911964937457
0.6218,1.3468017874278018
0.622,1.3860687014755404
0.6222,3.3088574099435313
0.6224000000000001,1.5341164035222967
0.6226,-0.034741986645569434
0.6228,-0.32999798971583794
0.623,0.10605389420867045
0.6232,0.3277823807333383
0.6234000000000001,-0.2330866558329301
0.6236,-1.3505981134216825
0.6238,-1.143101797075414
0.624,-0.22702614463660134
0.6242,0.5990791497854666
0.6244000000000001,0.08712486224383098
0.6246,-1.0702268834059556
0.6248,0.3314896292107161
0.625,0.5224466327069438
0.6252,0.7569403856549319
0.6254000000000001,0.2666630210679496
0.6256,-0.9258624319806166
0.6258,-0.5850295422124646
0.626,0.4684355356835025
0.6262,0.5294040442256015
0.6264000000000001,1.0039282560310125
0.6266,-0.45501893972916674
0.6268,0.35747371189199306
0.627,-1.0943531955741754
0.6272,-0.6800023770142565
0.6274000000000001,-0.8756040094546091
0.6276,-1.9916749546443029
0.6278,-2.3199951972706705
0.628,-1.980961205451695
0.6282,-1.3120779436386236
0.6284000000000001,-0.7754844378482918
0.6286,-2.98550270350665
0.6288,-2.1669102834526615
0.629,-1.8991498979288937
0.6292,-0.2996123210709083
0.6294000000000001,-0.766756944786125
0.6296,-0.46643814165891395
0.6298,-1.1644398831544496
0.63,-0.21205723073903002
0.6302,1.2570206883559605
0.6304000000000001,1.4470108604542309
0.6306,1.2844985872557633
0.6308,1.286351624259555
0.631,1.8287652887077983
0.6312,2.8534098141114286
0.6314000000000001,2.4748332574820595
0.6316,1.149422669907929
0.6318,1.1343649736747656
0.632,0.8076097823252757
0.6322,2.2884197183053816
0.6324000000000001,1.4175859702148335
0.6326,0.5296299055806478
0.6328,0.44344668439370893
0.633,0.09589751814013886
0.6332,0.7101447987045236
0.6334000000000001,0.4477250381991708
0.6336,-0.7773400388064203
0.6338,-0.8830502207412243
0.634,-0.13024866159822795
0.6342,0.1325966189116508
0.6344000000000001,1.065478094393935
0.6346,-1.6818151415243223
0.6348,-1.0366993374146336
0.635,0.3227710836565877
0.6352,0.6277738652115397
0.6354000000000001,1.0351412556348683
0.6356,0.36926140646698313
0.6358,-1.235348389845488
0.636,-0.5864504396243532
0.6362,1.1979148442727847
0.6364000000000001,1.1252476700358
0.6366,-0.4313945182982373
0.6368,-1.2385805473044327
0.637,0.7967839524145381
0.6372,-0.0512330965707824
0.6374000000000001,-0.35291840761166937
0.6376000000000001,-1.3731908087103744
0.6378,-2.2346269081780163
0.638,-1.0683850566833493
0.6382,-1.0816137508978885
0.6384000000000001,-0.551888721256104
0.6386000000000001,-2.707363462814085
0.6388,-2.0836886306947395
0.639,-1.5597485710167092
0.6392,-0.3669393025669963
0.6394000000000001,-0.696680928104126
0.6396000000000001,0.2363149203912076
0.6398,-0.8549767469901568
0.64,-1.1899482991784331
0.6402,1.875871298366202
0.6404000000000001,1.820209966459263
0.6406000000000001,0.3126791065518283
0.6408,0.6847518570337205
0.641,1.3565385020135143
0.6412,2.4187405492922545
0.6414000000000001,1.6716556338571489
0.6416000000000001,0.7107121740271098
0.6418,-0.2584374487708777
0.642,2.0112149140691207
0.6422,2.94540839218947
0.6424000000000001,1.6277558163825587
0.6426000000000001,1.064939497851727
0.6428,-1.2259855638278476
0.643,1.1797719802706743
0.6432,1.064300357104513
0.6434000000000001,0.5369818934790966
0.6436000000000001,-0.8861748092519406
0.6438,-1.650948311255111
0.644,-0.7789075864672138
0.6442,0.3462633427502404
0.6444000000000001,0.8445501065489809
0.6446000000000001,-1.160363881937584
0.6448,-1.9925505906548056
0.645,0.30791818090470796
0.6452,1.3270148449837866
0.6454000000000001,1.2761783998578293
0.6456000000000001,-1.1288817907378361
0.6458,-0.46759870861381164
0.646,0.629494094530192
0.6462,1.0394559553847542
0.6464000000000001,0.5001947850214279
0.6466000000000001,0.21839833736904957
0.6468,-1.0508489374648324
0.647,0.06595919643689674
0.6472,0.2996774385249692
0.6474000000000001,-1.207004469189635
0.6476000000000001,-1.218513343718796
0.6478,-2.399869190812108
0.648,-1.818923475680408
0.6482,-0.592286259027315
0.6484,-0.707442384193256
0.6486000000000001,-2.8260482936480176
0.6488,-2.226887526641791
0.649,-1.3139765041215599
0.6492,0.2838933164457418
0.6494,0.3313592198117282
0.6496000000000001,-1.1660081515838323
0.6498,-1.7027991639096736
0.65,0.7188658436526428
0.6502,1.6872016910071685
0.6504,1.528424781647847
0.6506000000000001,0.5761118231471427
0.6508,1.5771940960501458
0.651,1.6858319089374054
0.6512,3.827058866169758
0.6514,2.054586045477008
0.6516000000000001,1.0753183263701418
0.6518,-0.16516475880539172
0.652,1.3854635788251575
0.6522,3.344154013185153
0.6524,2.5580054757640442
0.6526000000000001,1.0541270680050765
0.6528,-0.09733039447699657
0.653,0.2502468859674694
0.6532,1.23912263307804
0.6534,0.12487982666220265
0.6536000000000001,-1.243398074911433
0.6538,-1.2965182523237637
0.654,-0.9238064187853994
0.6542,0.49042984384361105
0.6544,-0.18163758123266582
0.6546000000000001,-0.45836822890520396
0.6548,-0.8710456666234868
0.655,0.8024733036721426
0.6552,0.9019214204122916
0.6554,0.8993801375799881
0.6556000000000001,0.4084974522716923
0.6558,-1.188937948119088
0.656,0.1872451418688938
0.6562,1.736134587720661
0.6564,1.8134686715194879
0.6566000000000001,-1.7152743178533274
0.6568,-0.20993907873406836
0.657,-0.4683808012018061
0.6572,0.9935640183215115
0.6574,-0.5128435924454677
0.6576000000000001,-2.2964195232077107
0.6578,-2.75887344408388
0.658,-1.9381542338398534
0.6582,-0.622642718644777
0.6584,-1.636912924370831
0.6586000000000001,-2.7795393850976406
0.6588,-3.0835869399469718
0.659,-1.030300563799694
0.6592,-0.44978043180557925
0.6594,-1.2006110680186186
0.6596000000000001,-0.7186483538777448
0.6598,-1.2997926952031884
0.66,-0.3915742785099322
0.6602,1.338743894968057
0.6604,1.426195398413861
0.6606000000000001,-0.2654824368210883
0.6608,0.30315297003424924
0.661,1.523247466601614
0.6612,2.468351412506147
0.6614,2.4038788580781603
0.6616000000000001,0.9834634180184608
0.6618,1.2636019778548104
0.662,1.6062494992142125
0.6622,1.2427071324943872
0.6624,2.3614941692025466
0.6626000000000001,0.1447962012215632
0.6628000000000001,-1.1138104379860172
0.663,-0.16886278874721566
0.6632,0.7124446736055174
0.6634,0.7591137700059909
0.6636000000000001,-0.939620692491717
0.6638000000000001,-1.0251924019120238
0.664,0.22283276822977205
0.6642,0.020835267905143895
0.6644,0.48092921401989797
0.6646000000000001,-0.48837700235445713
0.6648000000000001,-1.5372372806482755
0.665,0.24388114687378787
0.6652,1.6438702813861332
0.6654,1.1349759712619885
0.6656000000000001,-0.2175957303900704
0.6658000000000001,-0.44303405718874755
0.666,1.018581372258974
0.6662,1.7422977865894134
0.6664,0.040943131058079785
0.6666000000000001,-0.7442807592645234
0.6668000000000001,-1.1685692231344222
0.667,-0.46631569286905533
0.6672,0.2156277617029118
0.6674,-1.4841026518870857
0.6676000000000001,-2.1616618651395996
0.6678000000000001,-1.6067982371020042
0.668,-1.0198371336492633
0.6682,-0.2197160191945079
0.6684,-1.023889223586372
0.6686000000000001,-1.7742988111547968
0.6688000000000001,-1.928167691874139
0.669,-1.7977139197253096
0.6692,-0.2671375254680515
0.6694,-0.7015321964929919
0.6696000000000001,-1.1873140124248251
0.6698000000000001,-0.5794451405882818
0.67,-0.7940652483512982
0.6702,1.3528681334777
0.6704,1.8660168817415115
0.6706000000000001,0.2985971892557082
0.6708000000000001,0.05435356340567721
0.671,1.6239156616942925
0.6712,3.1230782882335695
0.6714,2.5542050535370744
0.6716000000000001,0.6599825734752227
0.6718000000000001,0.05821215651304623
0.672,1.883187915788231
0.6722,2.4065098604508544
0.6724,1.2341648870780537
0.6726000000000001,0.9124299325906897
0.6728000000000001,0.061508791232377236
0.673,1.0802690590144575
0.6732,1.0083180707396733
0.6734,-0.4263514701163089
0.6736000000000001,-0.3523111160935387
0.6738000000000001,-1.571726767929054
0.674,-0.23493934383406057
0.6742,-0.2629135442713796
0.6744,0.35179773496317096
0.6746,-1.2076690841654336
0.6748000000000001,-1.7480038008134264
0.675,0.18206442318591423
0.6752,0.5661473543839901
0.6754,1.7386858575449402
0.6756,0.3616790586386988
0.6758000000000001,-0.3301565617264621
0.676,0.6476254820698777
0.6762,1.2725282768733204
0.6764,0.5040211415832795
0.6766,0.49968582268276396
0.6768000000000001,-1.7847794969468782
0.677,-0.3846487986795239
0.6772,0.12106457997643674
0.6774,-0.5879209987455392
0.6776,-1.0286258304623948
0.6778000000000001,-2.532301837311454
0.678,-0.8067193986266148
0.6782,-1.4888889441150304
0.6784,-1.6269883311059277
0.6786,-1.7943798110568205
0.6788000000000001,-1.5267242899821298
0.679,-0.9436331485309832
0.6792,-1.2558155878838293
0.6794,-0.7194565627047
0.6796,-0.0777580254357586
0.6798000000000001,-0.5324042740052738
0.68,0.06863582504290582
0.6802,0.5263016150148919
0.6804,1.3674895495432384
0.6806,-0.2741144873421042
0.6808000000000001,1.0677914817412215
0.681,1.4663425388480082
0.6812,2.9577937563165535
0.6814,2.8156103771608287
0.6816,0.6745002292169691
0.6818000000000001,0.7787980043620342
0.682,1.5954887915293259
0.6822,3.000130547621964
0.6824,0.7397634535419867
0.6826,0.6030499334049034
0.6828000000000001,-0.41725590586884576
0.683,-0.6114538393098188
0.6832,1.2755376585621605
0.6834,0.9950000996442445
0.6836,-0.26080265132365976
0.6838000000000001,-0.6088355402180042
0.684,-1.4115275286949314
0.6842,0.44921056336017423
0.6844,-0.042224987008720016
0.6846,-1.58729070199679
0.6848000000000001,-0.9922218520840033
0.685,0.45510696281860297
0.6852,0.6324849914092555
0.6854,0.09640412411920796
0.6856,-0.1761362587331239
0.6858000000000001,-1.025171861131881
0.686,-0.1117499349880568
0.6862,1.0054196010146024
0.6864,0.4306506854530387
0.6866,-0.7732204894543144
0.6868000000000001,-1.6317887398441746
0.687,-0.0826840923772808
0.6872,0.4629703463700685
0.6874,-0.14114707141208832
0.6876,-1.3395241635412125
0.6878000000000001,-3.053216556309025
0.6880000000000001,-1.3349750157692621
0.6882,-0.5816567709511695
0.6884,-1.060967382422155
0.6886,-2.8982660817924484
0.6888000000000001,-2.8672439146914908
0.6890000000000001,-1.4350218001999577
0.6892,-0.7579765888804156
0.6894,-0.07073328365454995
0.6896,-1.544536111110444
0.6898000000000001,-1.067207906872788
0.6900000000000001,0.5560240249969319
0.6902,0.7871874595867481
0.6904,1.4744652669745961
0.6906,0.48630926648172534
0.6908000000000001,0.026734084455678153
0.6910000000000001,1.4045964334236256
0.6912,3.2462290107806098
0.6914,2.7676173534315107
0.6916,0.9925829576725058
0.6918000000000001,1.3957405590452696
0.6920000000000001,1.8096971932107564
0.6922,2.5365570724265165
0.6924,1.3574271227297572
0.6926,-0.44655161136661115
0.6928000000000001,-0.6758741364806076
0.6930000000000001,-0.6215326316656778
0.6932,0.3253702961057475
0.6934,0.663198862335767
0.6936,-1.2450591997807294
0.6938000000000001,-1.5500389767083598
0.6940000000000001,0.029171631640748874
0.6942,0.1357228931540529
0.6944,0.038188185143266606
0.6946,-1.0876004641981045
0.6948000000000001,-1.6155660017685154
0.6950000000000001,0.3661518121389256
0.6952,1.0496862624330836
0.6954,0.19028441260248208
0.6956,0.22132664401460406
0.6958000000000001,-0.535982496211126
0.6960000000000001,-0.43929570559477876
0.6962,1.5907575990813752
0.6964,1.327984955219116
0.6966,-0.6152022033360653
0.6968000000000001,-1.5192963215978197
0.6970000000000001,-0.643487324053794
0.6972,0.720523637267056
0.6974,0.7126979660429207
0.6976,-0.39927195620195133
0.6978000000000001,-1.5717668118233123
0.6980000000000001,-1.7883536441420582
0.6982,-0.9213505017275927
0.6984,-0.8633127122350068
0.6986,-2.3593796219379755
0.6988000000000001,-2.584465130910738
0.6990000000000001,-1.661784804922448
0.6992,-0.14535256842922184
0.6994,-1.240656732694228
0.6996,-1.0077980892189662
0.6998000000000001,-2.0284171314015804
0.7000000000000001,-0.753317852968917
0.7002,0.6580040001908345
0.7004,1.4357099529549349
0.7006,0.5213950970897976
0.7008,0.34686081362712423
0.7010000000000001,1.5061410402277249
0.7012,3.6512643053455784
0.7014,2.9295167917365887
0.7016,0.5309969772529272
0.7018,1.1974308743840614
0.7020000000000001,1.7953632571670193
0.7022,2.4090299736548126
0.7024,1.5221541591321608
0.7026,0.6778533888063006
0.7028,-0.667873325000955
0.7030000000000001,1.0815881209482376
0.7032,1.0895256729248204
0.7034,-0.42184730974229134
0.7036,-1.1871007131623277
0.7038,-2.525057522560501
0.7040000000000001,0.250631330882339
0.7042,0.5385519860701189
0.7044,0.1648994511367202
0.7046,-1.8457897165092825
0.7048,-0.6195562275600492
0.7050000000000001,-0.8364286423234387
0.7052,0.8753154243992285
0.7054,0.6567682835033757
0.7056,-0.14491046785156697
0.7058,-1.8286687259131185
0.7060000000000001,-0.36407163218539057
0.7062,0.4874727093926189
0.7064,0.5190606402135018
0.7066,0.073644304953845
0.7068,-1.1353806515494964
0.7070000000000001,0.2554322790540366
0.7072,0.5495763406342247
0.7074,0.4183743753942262
0.7076,-1.710019706270751
0.7078,-2.013379854693747
0.7080000000000001,-2.2071307106203504
0.7082,-0.3125556748523765
0.7084,-0.930259734749193
0.7086,-2.276447774636073
0.7088,-2.5402068828237336
0.7090000000000001,-1.537324834329796
0.7092,0.5793729314686176
0.7094,-0.7074110399932902
0.7096,-2.370383828039187
0.7098,-1.8145925444375157
0.7100000000000001,0.07356669487051017
0.7102,1.0381769918289847
0.7104,1.625827777505756
0.7106,0.40151964339798535
0.7108,0.5851998865159884
0.7110000000000001,1.9693750864306814
0.7112,3.033746624880818
0.7114,2.523329530173603
0.7116,1.3767818952502946
0.7118,0.3387762877530123
0.7120000000000001,0.9977192130145442
0.7122,1.7168283352183709
0.7124,2.3561182724965533
0.7126,0.3736519298868919
0.7128,-0.5240599260693191
0.7130000000000001,-0.0045845648798209515
0.7132000000000001,0.8677076232139895
0.7134,-0.17846219444815625
0.7136,-1.1653430137453267
0.7138,-1.7658485941172732
0.7140000000000001,-0.7842909247028294
0.7142000000000001,0.6465932635738862
0.7144,-0.22394419309975538
0.7146,-0.6834619030770149
0.7148,-0.1854196999711064
0.7150000000000001,0.5821676095432339
0.7152000000000001,0.35327411175572854
0.7154,1.2266464386922387
0.7156,-0.39907443207926185
0.7158,0.4323497983744793
0.7160000000000001,0.38195982988227045
0.7162000000000001,1.6562660234944426
0.7164,0.6614591355533039
0.7166,-0.45392876253499115
0.7168,-0.14424316568330997
0.7170000000000001,-1.9035771539197914
0.7172000000000001,1.2350659403286837
0.7174,-0.26229461649548186
0.7176,-1.1079845465978857
0.7178,-1.6726808328090441
0.7180000000000001,-1.9767110631396299
0.7182000000000001,-1.3984304102462075
0.7184,-1.8392781812991257
0.7186,-3.261347395409616
0.7188,-2.0504578472833677
0.7190000000000001,-1.4145215921957743
0.7192000000000001,-1.2755150829967277
0.7194,-1.017637105427331
0.7196,-1.8581040315146864
0.7198,-1.4440111660628225
0.7200000000000001,0.03236751546237335
0.7202000000000001,1.8940799172244693
0.7204,0.755752736207621
0.7206,-0.2631561528649885
0.7208,0.804208326581182
0.7210000000000001,0.972393652910348
0.7212000000000001,2.6568719379120536
0.7214,2.5322172146846857
0.7216,1.0482780642095153
0.7218,0.6445000987835026
0.7220000000000001,2.171893212035018
0.7222000000000001,3.1353384059704257
0.7224,1.4830922529709032
0.7226,0.8200296043379733
0.7228,-0.8169151920105274
0.7230000000000001,-0.3713293242842751
0.7232000000000001,1.3752849247473198
0.7234,0.23015052098389188
0.7236,-0.023549872618205958
0.7238,-0.5237016949393651
0.7240000000000001,0.17116599175847336
0.7242000000000001,0.905894212034538
0.7244,0.076927830928124
0.7246,-0.6625945460979723
0.7248,-1.1458703996804378
0.7250000000000001,0.5462931067750322
0.7252000000000001,1.2359650241770597
0.7254,0.8869292256939575
0.7256,-0.7706583986711166
0.7258,-0.19213451050343255
0.7260000000000001,-0.09951398439776443
0.7262000000000001,0.1579218118480874
0.7264,1.288091934822363
0.7266,-1.2175718115603131
0.7268,-1.810805502589335
0.727,0.1386313085306844
0.7272000000000001,-0.4378251836283862
0.7274,-0.8979687174277488
0.7276,-1.1746275239338337
0.7278,-1.9534768329564103
0.728,-2.0584037846312113
0.7282000000000001,-0.41054528281188324
0.7284,-1.2909418504207533
0.7286,-2.2858428170333203
0.7288,-2.469198914935236
0.729,-1.4030929036966362
0.7292000000000001,-0.8763821994070173
0.7294,-0.8326360084087066
0.7296,-1.262706121592296
0.7298,-1.5766246368917725
0.73,-0.17978826209085289
0.7302000000000001,0.06447503291755008
0.7304,1.0247658807417555
0.7306,0.6703873729511767
0.7308,0.5773427463273628
0.731,1.582309811353135
0.7312000000000001,2.304217051796665
0.7314,2.733682646522148
0.7316,1.0081134707346184
0.7318,1.0745770763021736
0.732,1.2812218189997429
0.7322000000000001,2.9343090851389695
0.7324,0.9527233395622426
0.7326,0.19255896835033892
0.7328,0.20345498976353227
0.733,0.8734999333377937
0.7332000000000001,1.5169660924157464
0.7334,1.3262485730857834
0.7336,-0.8721425774180507
0.7338,-1.6745648209325525
0.734,-0.418831726763861
0.7342000000000001,1.463299047684285
0.7344,-0.24215793218835396
0.7346,-1.2003700964447601
0.7348,-0.971351868157769
0.735,-0.05147804653593983
0.7352000000000001,0.9478689155434383
0.7354,1.7611535823216484
0.7356,0.0997878189464449
0.7358,-0.02870175287729748
0.736,0.22323787284628757
0.7362000000000001,1.0473150396211184
0.7364,0.11779592494487634
0.7366,0.21640233089232275
0.7368,-1.9285051750761255
0.737,-0.5469003708276148
0.7372000000000001,0.11062621157612718
0.7374,-1.035826400611907
0.7376,-1.0528804099417948
0.7378,-2.767229549190718
0.738,-1.2226416267497175
0.7382000000000001,-0.5172250790876043
0.7384000000000001,-0.8529680905166656
0.7386,-2.524739211043065
0.7388,-2.957671614378457
0.739,-2.044030639815194
0.7392000000000001,-0.30711412899496593
0.7394000000000001,0.024653669865831562
0.7396,-1.120521973888382
0.7398,-0.7715798128217546
0.74,-0.4178932155244315
0.7402000000000001,1.507676320509223
0.7404000000000001,1.9984155176873926
0.7406,0.36881441421258016
0.7408,0.5987998800878849
0.741,1.48836499596907
0.7412000000000001,2.704233018655593
0.7414000000000001,3.3619630633493203
0.7416,0.21132809320961732
0.7418,-0.5511763932276541
0.742,1.241001199400062
0.7422000000000001,1.6885025787849886
0.7424000000000001,1.8452187832369153
0.7426,0.3259670340187706
0.7428,-0.24237346436887314
0.743,0.560308428043814
0.7432000000000001,0.9861366567418528
0.7434000000000001,0.5282611366077649
0.7436,-0.9263241782086834
0.7438,-1.5361263882685485
0.744,-0.2768867902523231
0.7442000000000001,-0.0046757348706159
0.7444000000000001,0.8310032202490185
0.7446,-0.6525154237990993
0.7448,-0.10979554983218198
0.745,0.7042969507301963
0.7452000000000001,0.3417892938964422
0.7454000000000001,1.1313043733304837
0.7456,-1.3140043904725376
0.7458,-0.9511211251625675
0.746,0.26134302248316793
0.7462000000000001,0.3090294926948943
0.7464000000000001,0.09924386234779337
0.7466,0.21580982256739822
0.7468,-1.7045677996827968
0.747,-1.1884291484192206
0.7472000000000001,0.3118593964346923
0.7474000000000001,0.2660547213566282
0.7476,-1.4575897286181942
0.7478,-2.2825846496902846
0.748,-1.8249297620910554
0.7482000000000001,-0.02896250157830904
0.7484000000000001,-1.514986707025449
0.7486,-2.812904565070992
0.7488,-2.5672107552695302
0.749,-0.9118861838383782
0.7492000000000001,0.39954816555982275
0.7494000000000001,-0.6867421435826763
0.7496,-2.1442503891900673
0.7498,-1.6386354735892523
0.75,0.13877582172632466
0.7502000000000001,1.275190733904546
0.7504000000000001,1.9252105816416059
0.7506,-0.1743602519991697
0.7508,0.7431881024081722
0.751,1.2025302253438759
0.7512000000000001,1.3979981739312344
0.7514000000000001,2.3290275198869406
0.7516,1.138686668152227
0.7518,1.1915620331143781
0.752,1.537239004726852
0.7522000000000001,2.5582595211664865
0.7524000000000001,2.9257617630554558
0.7526,1.6088779160639808
0.7528,-0.16334017897396141
0.753,-0.17323782634925577
0.7532,0.9563522089329841
0.7534000000000001,1.7811188033378504
0.7536,-1.8542792315097079
0.7538,-1.6994736491637037
0.754,-0.7611607498133489
0.7542,-0.31616261931555467
0.7544000000000001,0.09131729736450908
0.7546,-1.1168903853289476
0.7548,-0.8059643070560006
0.755,1.151331743676255
0.7552,0.9195967405341716
0.7554000000000001,1.064135830581903
0.7556,0.23480669278723715
0.7558,-0.507188362745047
0.756,0.06212565132497261
0.7562,1.363761087007655
0.7564000000000001,1.3321084465107769
0.7566,-0.19933635553794415
0.7568,-0.828322839502446
0.757,-0.7962343611810722
0.7572,0.4153264855817812
0.7574000000000001,-1.1247774366733894
0.7576,-1.8194547115392505
0.7578,-2.1153652761591886
0.758,-1.038184076226122
0.7582,-0.7168404972367091
0.7584000000000001,-1.4533897917855083
0.7586,-2.2030266543324286
0.7588,-2.436244678429025
0.759,-1.8384619763278263
0.7592,-0.6898795537029785
0.7594000000000001,-0.0819925567832897
0.7596,-1.5922612422060576
0.7598,-1.085729193763928
0.76,0.1304054536619434
0.7602,2.389867165530564
0.7604000000000001,1.576728775034017
0.7606,0.38166997760502813
0.7608,-0.23156201304638713
0.761,1.3415158355777854
0.7612,2.95642257114962
0.7614000000000001,1.8781186129297236
0.7616,1.5788153541176657
0.7618,0.6167454203885817
0.762,1.0176840347439793
0.7622,2.353509443288676
0.7624000000000001,1.1674317865393156
0.7626000000000001,-0.3253078650061504
0.7628,-0.8028768870302119
0.763,1.3834044685885496
0.7632,1.2363217013518293
0.7634000000000001,1.279927251115446
0.7636000000000001,-0.5759999957757281
0.7638,-1.331353632108764
0.764,-0.6744811298255211
0.7642,-0.17991308158714725
0.7644000000000001,0.03627620811867849
0.7646000000000001,-0.4846654834716348
0.7648,-0.6603300055027148
0.765,-1.1934031172479735
0.7652,1.324577711880229
0.7654000000000001,1.3768415281443018
0.7656000000000001,-0.5757895005242923
0.7658,-0.6822751749813307
0.766,0.42731066298380715
0.7662,1.4342873888030865
0.7664000000000001,0.4213051370050399
0.7666000000000001,-0.2705236471141756
0.7668,-0.7595196192354252
0.767,-0.0598966018002976
0.7672,0.49439047969967675
0.7674000000000001,0.5815253690274161
0.7676000000000001,-1.9293710561211859
0.7678,-2.403666225179799
0.768,-1.1503495840034255
0.7682,-0.7164143312920082
0.7684000000000001,-1.4697639653532653
0.7686000000000001,-1.7747395492986908
0.7688,-0.9014788419266815
0.769,-0.813992390257231
0.7692,-0.07179324764682282
0.7694000000000001,-0.27253415685852456
0.7696000000000001,-1.8679051110103608
0.7698,-1.2993146892986405
0.77,1.1862063816397883
0.7702,1.875130024230824
0.7704000000000001,1.956260948234008
0.7706000000000001,0.5206551357046758
0.7708,1.0683556572782507
0.771,1.319305448748685
0.7712,3.688956522410848
0.7714000000000001,2.9215826418835036
0.7716000000000001,0.41477924031731217
0.7718,0.25957585124041577
0.772,1.8302523478047372
0.7722,3.122167760989268
0.7724000000000001,2.456535005863226
0.7726000000000001,0.508312256824923
0.7728,-0.6850050542048481
0.773,0.8504401287175194
0.7732,1.2278447901362033
0.7734000000000001,1.0165838890460928
0.7736000000000001,-0.5914069993308482
0.7738,-1.8874257316896426
0.774,-0.2868155815334665
0.7742,0.30252900434512436
0.7744000000000001,0.781940013011418
0.7746000000000001,-1.2002766478127382
0.7748,-1.6487342284803632
0.775,0.3413218433988748
0.7752,1.0513068073443503
0.7754000000000001,0.47328237627874326
0.7756000000000001,-0.15264357404814388
0.7758,-0.20498499197660536
0.776,0.5392818463409651
0.7762,2.069763535959625
0.7764000000000001,1.219937124176708
0.7766000000000001,-0.4025526533881649
0.7768,-0.8973844530723711
0.777,-0.22988920266564736
0.7772,0.9766040935953847
0.7774000000000001,-0.0912284289550602
0.7776000000000001,-1.9332718205970738
0.7778,-1.9776522697527776
0.778,-0.9924587094533643
0.7782,-0.7687750004788321
0.7784000000000001,-1.0056634889587408
0.7786000000000001,-2.5168903445596618
0.7788,-2.4462392086273295
0.779,-1.272592513177831
0.7792,0.3494238651886409
0.7794000000000001,-0.5547905990961317
0.7796000000000001,-1.5683513494846881
0.7798,-1.1258958481100445
0.78,0.22816574295456094
0.7802,1.6944249875792377
0.7804,0.7552696169251921
0.7806000000000001,0.905927973790785
0.7808,1.2652169077472792
0.781,1.6502535810042127
0.7812,2.9719460345372535
0.7814,2.0972545365108983
0.7816000000000001,0.8644687062359637
0.7818,-0.1266987385350814
0.782,2.250855499220036
0.7822,2.0077447957925996
0.7824,2.0365092718377396
0.7826000000000001,-0.32772098377842473
0.7828,1.015252866172562
0.783,-0.10097849771244022
0.7832,0.8989331816819437
0.7834,0.8663110360132934
0.7836000000000001,-0.5547981351764101
0.7838,-1.4219182559585415
0.784,0.2662770014856714
0.7842,0.41676524228150524
0.7844,1.071568945938436
0.7846000000000001,-0.7239730490380952
0.7848,-0.9195771705144382
0.785,-0.4366362701776106
0.7852,1.330089786027762
0.7854,1.2490423676512388
0.7856000000000001,-0.981563406154851
0.7858,-0.8895153141796541
0.786,-0.47336907619707336
0.7862,1.8388272124890057
0.7864,-0.04893720620287023
0.7866000000000001,-0.5910704369025845
0.7868,-1.2546929726357527
0.787,-0.16195548736382895
0.7872,0.859973529564372
0.7874,-0.863142260282701
0.7876000000000001,-0.8910791424603121
0.7878000000000001,-1.918573181643618
0.788,-0.18710958095776964
0.7882,-0.643694043992457
0.7884,-0.15020817133284403
0.7886000000000001,-1.8516340328555305
0.7888000000000001,-2.2152862791400185
0.789,-2.077252103431488
0.7892,-0.8805435876439687
0.7894,-0.4712881080238931
0.7896000000000001,-1.3979644508907865
0.7898000000000001,-1.2420385163383438
0.79,-0.4203872142851723
0.7902,0.5768263816246906
0.7904,1.1612326389137908
0.7906000000000001,0.7425484546247666
0.7908000000000001,0.06001353463168252
0.791,1.30856619529467
0.7912,3.0045861316017346
0.7914,2.6493177316044605
0.7916000000000001,0.6490280343693554
0.7918000000000001,0.18174481430893363
0.792,1.5911657717143441
0.7922,2.6078030165076718
0.7924,1.4298085683423465
0.7926000000000001,0.9827526720236239
0.7928000000000001,-0.5634468584518756
0.793,0.13513471214629963
0.7932,1.1171141074577373
0.7934,0.24808999522362096
0.7936000000000001,-0.7652028464027093
0.7938000000000001,-0.9796612313132351
0.794,0.4826311127845659
0.7942,0.7104537794248738
0.7944,-0.26794589599960766
0.7946000000000001,-0.9523590860296332
0.7948000000000001,-1.1871411709345903
0.795,0.025636674719218613
0.7952,0.12788310129014469
0.7954,0.871466663014156
0.7956000000000001,-0.2804684026734598
0.7958000000000001,0.5938203368707837
0.796,0.3876474719131539
0.7962,1.5430381582001298
0.7964,-0.12820732322854278
0.7966000000000001,-1.1771768654727754
0.7968000000000001,-0.6561128306825074
0.797,-0.4921470024497189
0.7972,0.37640004304287555
0.7974,-0.37703186362366936
0.7976000000000001,-1.8052986867983096
0.7978000000000001,-2.3900374511359974
0.798,-1.627408105383566
0.7982,-1.5955356362494046
0.7984,-0.8073746956345007
0.7986000000000001,-2.0366479756773734
0.7988000000000001,-2.1751530483158725
0.799,-2.019790223084224
0.7992,-0.24304626934932233
0.7994,-0.40957519359262284
0.7996000000000001,-1.5749770779905699
0.7998000000000001,-1.530913081509504
0.8,-0.0017822191307859672
0.8002,1.5573439322807348
0.8004,2.09215562503509
0.8006000000000001,-0.016967900316660622
0.8008000000000001,-0.42516001807146786
0.801,1.7723218437421853
0.8012,1.3737017831438854
0.8014,1.968914573383821
0.8016000000000001,0.7986866935648448
0.8018000000000001,0.4755144421080074
0.802,1.5181678585867333
0.8022,3.372095255724248
0.8024,1.0294614773871809
0.8026000000000001,0.21571675830985632
0.8028000000000001,-0.8430692398715438
0.803,1.6645048289448017
0.8032,0.3141853126248447
0.8034,0.6905979746389539
0.8036000000000001,-0.7184770259012122
0.8038000000000001,-1.2832010650046068
0.804,0.3372314783452183
0.8042,1.2324646051480677
0.8044,0.4244960033175056
0.8046000000000001,-1.6148836096816717
0.8048000000000001,-1.3241223198981937
0.805,0.09292007154311277
0.8052,0.6188196971676685
0.8054,1.4183928178908611
0.8056000000000001,-0.6069675926874601
0.8058000000000001,-0.18684172376573133
0.806,0.7432761830559006
0.8062,1.0973974917961642
0.8064,1.3069217385610084
0.8066,0.3771109300348826
0.8068000000000001,-1.5696195659929872
0.807,-0.35528242908006963
0.8072,0.7166867473149394
0.8074,-0.953948641296791
0.8076,-2.85152451484651
0.8078000000000001,-2.409724070327125
0.808,-0.7263051773055857
0.8082,-0.5410684956778962
0.8084,-1.315778669287454
0.8086,-2.5627138705182726
0.8088000000000001,-2.8293393062909153
0.809,-1.519624642081018
0.8092,-0.14471281034920233
0.8094,-0.3252862500712515
0.8096,-1.906355514075139
0.8098000000000001,-0.7286294899531145
0.81,0.46713486524996173
0.8102,1.6805125328519315
0.8104,1.5380368082336018
0.8106,0.7003253198569294
0.8108000000000001,0.9577332906482426
0.811,1.8739285910875383
0.8112,2.821838691357891
0.8114,2.5080800094537774
0.8116,1.1471466509545112
0.8118000000000001,0.888715838545238
0.812,0.8729312866434124
0.8122,2.3662482403518856
0.8124,2.1874449495189987
0.8126,-0.14853032354428214
0.8128000000000001,0.3088551344701148
0.8130000000000001,0.19127213161949724
0.8132,0.7607153261478204
0.8134,1.2322733350953854
0.8136,-0.16800306385212882
0.8138000000000001,-0.7377461122008147
0.8140000000000001,-0.11406853848015819
0.8142,0.33979111996682343
0.8144,0.619057377966889
0.8146,0.0010767207468047602
0.8148000000000001,-0.45665569722809474
0.8150000000000001,-0.5982197649989037
0.8152,0.631816966956497
0.8154,1.0622820914094213
0.8156,0.10587720656391592
0.8158000000000001,-1.1460023817493394
0.8160000000000001,1.0120816766577299
0.8162,1.4817815298040764
0.8164,0.8229551999196774
0.8166,-0.5443713109373058
0.8168000000000001,-1.4843063539878956
0.8170000000000001,-1.2002473546894548
0.8172,1.142464840908557
0.8174,-0.45614746166408715
0.8176,-2.840675818132892
0.8178000000000001,-2.6084157438490654
0.8180000000000001,-1.103004773297064
0.8182,-0.9455667326782999
0.8184,-1.656871626675309
0.8186,-2.532681384704848
0.8188000000000001,-2.0914670030032156
0.8190000000000001,-0.7034349636506604
0.8192,-1.1294076438143055
0.8194,-0.30287364699762803
0.8196,-1.1463755942429745
0.8198000000000001,-2.081951863147526
0.8200000000000001,0.160789160173308
0.8202,1.4938186090081755
0.8204,0.21376542725850722
0.8206,0.4492282485480431
0.8208000000000001,-0.12037416776593585
0.8210000000000001,0.8191950628373068
0.8212,2.2528122368672374
0.8214,2.8379371700938267
0.8216,1.0581650998576668
0.8218000000000001,-0.033790247255080286
0.8220000000000001,1.649267411891309
0.8222,1.7098502028781128
0.8224,1.937378978313891
0.8226,0.23350039165216513
0.8228000000000001,-0.3544356843422883
0.8230000000000001,0.30789613534129234
0.8232,0.1716757117179718
0.8234,-0.3061348511886115
0.8236,-0.06436091190656901
0.8238000000000001,-1.2447740840554855
0.8240000000000001,-0.8082241585240353
0.8242,1.7645826765607417
0.8244,0.8120383461176535
0.8246,-0.4492620618178701
0.8248000000000001,-1.1349525696921163
0.8250000000000001,-0.026622215241183866
0.8252,0.8706179888052903
0.8254,1.3569629887161958
0.8256,0.3354987838114308
0.8258000000000001,-1.3333086721526282
0.8260000000000001,0.7037322949773865
0.8262,1.567879898926755
0.8264,0.6937669627579539
0.8266,-0.39970576592532103
0.8268000000000001,-0.08311162278533146
0.8270000000000001,-0.7882482266262412
0.8272,0.515053534746466
0.8274,0.41773046895527266
0.8276,-1.2821245147103701
0.8278000000000001,-2.4995912687498336
0.8280000000000001,-1.0025015773307577
0.8282,-0.855393863658871
0.8284,-0.5165583018780702
0.8286,-2.847614079681067
0.8288000000000001,-3.0401193910758186
0.8290000000000001,-2.4894882176372377
0.8292,0.06403191488862203
0.8294,-0.9281087303132847
0.8296,-1.6162486127209728
0.8298000000000001,-1.5778945306367396
0.8300000000000001,-0.2184418793641189
0.8302,0.6680763012711057
0.8304,0.9660186861101998
0.8306,0.3712056080836519
0.8308000000000001,-0.357778760857861
0.8310000000000001,1.242025351700029
0.8312,2.5512475698514168
0.8314,1.9417046311634647
0.8316,1.349605431035119
0.8318000000000001,0.7963755713658458
0.8320000000000001,1.8435371916708814
0.8322,2.428388323491113
0.8324,1.9422445508957196
0.8326,0.42250842785057763
0.8328,0.44468886759760007
0.8330000000000001,-0.13369475609711068
0.8332,1.111585613760567
0.8334,0.09486661261344903
0.8336,-1.3649909961770958
0.8338,-0.5183191146886026
0.8340000000000001,-0.10318558829481811
0.8342,1.3481761963958145
0.8344,-0.32870073603256866
0.8346,-1.8211922322481835
0.8348,-1.5168342456500346
0.8350000000000001,0.6856149093297187
0.8352,0.206825873529229
0.8354,0.6619892327276425
0.8356,0.48994835798160563
0.8358,-0.5157791015121763
0.8360000000000001,0.26833400285840014
0.8362,1.576135350425192
0.8364,0.6930990611516082
0.8366,-0.4049060763629105
0.8368,-0.43621779515661974
0.8370000000000001,0.7096124117925882
0.8372,-0.0812138089529561
0.8374,-0.5420488145305657
0.8376,-1.7701593899360926
0.8378,-2.402065578769231
0.8380000000000001,-1.5512154382269001
0.8382000000000001,-0.3012470750158283
0.8384,-1.3001560540750952
0.8386,-1.8990115000642056
0.8388,-1.8603773148902318
0.8390000000000001,-1.0493841174328535
0.8392000000000001,-0.5224409078877081
0.8394,-0.18677023869061193
0.8396,-1.7682003828800315
0.8398,-1.3041656130297483
0.8400000000000001,0.05468226306160163
0.8402000000000001,1.7478750393746654
0.8404,0.8394144870118783
0.8406,0.29635221717232707
0.8408,0.43115141304526877
0.8410000000000001,1.1133720330916481
0.8412000000000001,3.300989455390309
0.8414,1.4887101125639812
0.8416,0.7491867253104669
0.8418,0.32929147806572234
0.8420000000000001,1.1222892869121448
0.8422000000000001,2.28124698997584
0.8424,1.992515771652011
0.8426,0.17775127273361915
0.8428,-0.48565317484405013
0.8430000000000001,1.2116083587772557
0.8432000000000001,1.1281313202420966
0.8434,0.2488363633230123
0.8436,-0.7190792582419976
0.8438,-0.9760700453294214
0.8440000000000001,-0.46658268681467074
0.8442000000000001,0.8856093072262217
0.8444,0.25794375466133546
0.8446,0.0966153409379471
0.8448,-1.254723778744496
0.8450000000000001,-0.7435869363593197
0.8452000000000001,1.3276291288350328
0.8454,0.34958334267331626
0.8456,-0.08265361014822098
0.8458,-1.0830837568256457
0.8460000000000001,-0.7740555631426311
0.8462000000000001,0.6682124050985351
0.8464,0.30017416674617897
0.8466,-0.9417490495465652
0.8468,-1.248475078764461
0.8470000000000001,0.681794991534292
0.8472000000000001,0.3939875858413988
0.8474,-0.22653054434981718
0.8476,-1.5069997163494595
0.8478,-2.3100015934916747
0.8480000000000001,-0.8174279980624235
0.8482000000000001,0.20541181486600113
0.8484,-1.4975714109858735
0.8486,-2.2302274451677393
0.8488,-3.3957027734385994
0.8490000000000001,-1.255841056733201
0.8492000000000001,0.3644406200938518
0.8494,-0.7974372860543979
0.8496,-2.491903855027508
0.8498,-1.174818132835438
0.8500000000000001,-0.28388305679588294
0.8502000000000001,1.7195357164154341
0.8504,1.5070173368416906
0.8506,-0.15851516596941406
0.8508,0.5054199355971798
0.8510000000000001,1.1392076615115903
0.8512000000000001,2.702481247381752
0.8514,2.3460408144810643
0.8516,1.403097738225501
0.8518,0.6722935814511595
0.8520000000000001,1.837837992661897
0.8522000000000001,2.1491359887215413
0.8524,1.9788789385636902
0.8526,0.2511914655908474
0.8528,0.06566529041477209
0.8530000000000001,0.7417194048759171
0.8532000000000001,1.0758640160421962
0.8534,0.9691395547716095
0.8536,-0.2781855216597041
0.8538,-1.7548751298529515
0.8540000000000001,0.2748027903760617
0.8542000000000001,0.40090880987040534
0.8544,-0.035370278928745724
0.8546,0.02209731950791105
0.8548,-1.1570501464192293
0.8550000000000001,-0.5306717967043753
0.8552000000000001,0.6246971278881431
0.8554,0.7154605805848469
0.8556,-1.2148481934963484
0.8558,-0.16229873244366966
0.8560000000000001,1.0076509119193577
0.8562000000000001,0.6858498206872601
0.8564,0.09311907538437636
0.8566,-1.260640834498986
0.8568,-0.2712946818112333
0.8570000000000001,-0.09749070404797217
0.8572000000000001,0.6463809102040572
0.8574,0.13548377156243724
0.8576,-2.6291072222126366
0.8578,-2.4242819148174823
0.8580000000000001,-0.967309499095559
0.8582000000000001,-0.921428012088886
0.8584,-1.4662604737944884
0.8586,-2.0864125711415236
0.8588,-2.7585557318121383
0.859,-1.5007596269099441
0.8592000000000001,0.18813763217703772
0.8594,-0.7739749680012935
0.8596,-1.505726616983946
0.8598,-1.2078417973349969
0.86,-1.0858578621995087
0.8602000000000001,0.8182191021985351
0.8604,1.8539276347123592
0.8606,0.23805446422174967
0.8608,0.6702930238867196
0.861,1.326882981619814
0.8612000000000001,1.9623263303004037
0.8614,2.543411412959428
0.8616,1.4628766840600824
0.8618,1.1827699684119695
0.862,1.6076072101324699
0.8622000000000001,1.872907169701357
0.8624,1.3053724110168656
0.8626,0.678141051736304
0.8628,-0.03081721915071345
0.863,0.3954878397697881
0.8632000000000001,1.1028871742649888
0.8634000000000001,0.41430414558029616
0.8636,-0.6335300581988393
0.8638,-0.8812497602897218
0.864,-0.9772151524399436
0.8642000000000001,-0.10112568625776086
0.8644000000000001,0.2933325375049178
0.8646,-0.9124984927408382
0.8648,-0.6671394403654123
0.865,0.020830047778620363
0.8652000000000001,0.8420117041059263
0.8654000000000001,0.7092189129017614
0.8656,-0.5563777150761446
0.8658,-1.1396590286948274
0.866,-0.40031281767092636
0.8662000000000001,0.9667489465520283
0.8664000000000001,1.1828103157720937
0.8666,0.16042135293792226
0.8668,-0.9974681078578959
0.867,-0.9013725588860599
0.8672000000000001,0.4611225866385947
0.8674000000000001,-0.6998064657872355
0.8676,-1.4993242235627822
0.8678,-2.0547700210499262
0.868,-0.629834928007011
0.8682000000000001,-0.5685887014087527
0.8684000000000001,-1.0975557773214595
0.8686,-3.3248088830857543
0.8688,-3.221894164944629
0.869,-2.0036032091354716
0.8692000000000001,-0.4230231046014979
0.8694000000000001,-1.1883460758569349
0.8696,-1.7524342194195799
0.8698,-1.4541196121704267
0.87,0.33335507982974355
0.8702000000000001,0.36521705220087797
0.8704000000000001,0.4040991556857302
0.8706,0.45869757631508895
0.8708,-0.22091188465325984
0.871,0.32893409499622983
0.8712000000000001,2.4486442666866934
0.8714000000000001,2.5866556631312903
0.8716,0.8915048634918699
0.8718,0.8779718102812696
0.872,1.1607883653536923
0.8722000000000001,1.8112388914412754
0.8724000000000001,2.4409513965376597
0.8726,0.07982852770127996
0.8728,0.633752317443813
0.873,0.7692914606687877
0.8732000000000001,1.4109393801155572
0.8734000000000001,0.45531001071522503
0.8736,-0.5613340399036756
0.8738,-1.563479468061229
0.874,-0.15329514919720008
0.8742000000000001,0.6067329404659272
0.8744000000000001,0.3072573099812672
0.8746,-0.46277396525595293
0.8748,-1.6174520781706674
0.875,0.33567853615720544
0.8752000000000001,1.073399666101988
0.8754000000000001,0.6180184211880575
0.8756,-0.03386945690521023
0.8758,-0.2761101524741397
0.876,-0.5777626464254912
0.8762000000000001,1.234463763045595
0.8764000000000001,1.1677766228150757
0.8766,-0.45231451618823576
0.8768,-0.9087369736746074
0.877,0.0817414129361353
0.8772000000000001,0.5020158436623374
0.8774000000000001,-0.030119644771213205
0.8776,-1.1343256479315058
0.8778,-1.6393772015520067
0.878,-1.3470136470117915
0.8782000000000001,-0.1588553245380666
0.8784000000000001,-1.1761618153393523
0.8786,-1.518418878260583
0.8788,-2.5754085738379424
0.879,-1.6889308806129597
0.8792000000000001,-0.19685698012210517
0.8794000000000001,0.38583308367030666
0.8796,-1.0701439905116108
0.8798,-1.5013528266412872
0.88,0.30384201569259534
0.8802000000000001,1.1429060702916913
0.8804000000000001,0.7966356345565182
0.8806,0.10302195801409425
0.8808,-0.028219472104116072
0.881,0.7152229860160344
0.8812000000000001,3.0339683318471047
0.8814000000000001,1.9585633104205438
0.8816,0.07478320479333811
0.8818,1.1297574389815175
0.882,2.3209614015971267
0.8822000000000001,2.0501843622642335
0.8824000000000001,1.4785500094967514
0.8826,0.7728557349767755
0.8828,-0.3170056096714438
0.883,0.3066533685845456
0.8832000000000001,1.6222606424384756
0.8834000000000001,-0.16768955181892442
0.8836,-0.2246556225936721
0.8838,-1.198284127951409
0.884,-0.4507761258105697
0.8842000000000001,0.542647345538974
0.8844000000000001,-0.03866534263427818
0.8846,-0.8802625787271511
0.8848,-1.0916088920317422
0.885,0.04467433642667131
0.8852000000000001,0.9513416182750497
0.8854000000000001,-0.09443212088475139
0.8856,-0.4536127790773237
0.8858,-0.5776167546554359
0.886,0.13529834122140358
0.8862,1.350361396161184
0.8864000000000001,0.18535542693849072
0.8866,-1.5290914902724992
0.8868,-1.4262369551263903
0.887,-1.3184204266252686
0.8872,-0.09614082763014348
0.8874000000000001,-0.712123768272867
0.8876000000000001,-1.9178277014504541
0.8878,-1.7835625208355699
0.888,-2.469531949653851
0.8882,-1.2865640743752116
0.8884000000000001,-0.8217705063085396
0.8886000000000001,-1.892119661682722
0.8888,-2.5412390877527953
0.889,-0.8545680422016882
0.8892,-0.24532567456571783
0.8894000000000001,-0.5997601458111832
0.8896000000000001,-1.4591836968137488
0.8898,-1.134328879717767
0.89,-0.10582319954984594
0.8902,0.6370497776883547
0.8904000000000001,2.593069314579316
0.8906000000000001,0.44713241538865856
0.8908,-0.23252819594931706
0.891,1.6620054535203077
0.8912,3.3654550792011664
0.8914000000000001,2.4240898809027973
0.8916000000000001,1.5637481768259143
0.8918,0.6826930485040479
0.892,1.867630325733714
0.8922,3.346541413117025
0.8924000000000001,2.5476193841860217
0.8926000000000001,-0.05365596532229916
0.8928,0.22455295446087054
0.893,0.34691438809985475
0.8932,0.09009969707375332
0.8934000000000001,0.6521201362095198
0.8936000000000001,-0.6533577789686984
0.8938,-1.0954809580211784
0.894,-0.41989570283521577
0.8942,0.9044835076941168
0.8944000000000001,-0.016447763206618726
0.8946000000000001,-0.4287295957503796
0.8948,-1.424922923228686
0.895,-0.4310354259404208
0.8952,1.2062591023848825
0.8954000000000001,-0.3844715185120292
0.8956000000000001,-0.6557415619272198
0.8958,-1.1798448679988605
0.896,0.6951742121234873
0.8962,1.266053359346661
0.8964000000000001,1.583412161940783
0.8966000000000001,-0.14143562298554657
0.8968,-1.3672406500521632
0.897,-0.6896475595091067
0.8972,1.570209044829522
0.8974000000000001,-0.7485938882765046
0.8976000000000001,-1.4846496535245208
0.8978,-2.142062844449918
0.898,-2.2153505207621254
0.8982,-1.0065494315222066
0.8984000000000001,-1.3404560655003475
0.8986000000000001,-2.372318472166868
0.8988,-2.477454610854916
0.899,-1.6903841618752806
0.8992,-0.440044131357405
0.8994000000000001,-0.5651111133025242
0.8996000000000001,-1.2517693555281508
0.8998,-1.3241903085318474
0.9,0.3286470241322739
0.9002,1.797201061578678
0.9004000000000001,1.0440897664318511
0.9006000000000001,0.10950509114645596
0.9008,-0.4363580509890346
0.901,1.7971598860706532
0.9012,3.412470178704538
0.9014000000000001,2.9116353317452672
0.9016000000000001,2.063909150115505
0.9018,0.6274781567816108
0.902,2.129053181401196
0.9022,1.949402434536545
0.9024000000000001,2.0034240315463547
0.9026000000000001,0.6838333722291815
0.9028,0.14086428658050515
0.903,0.22703304405169217
0.9032,0.40476450275683606
0.9034000000000001,0.345828039441877
0.9036000000000001,0.26328301380951824
0.9038,-1.8198569233813509
0.904,-1.3875422603419831
0.9042,-0.13048977084565072
0.9044000000000001,0.09796643380420433
0.9046000000000001,-0.2766417430994429
0.9048,-1.5976530421112574
0.905,0.23858180368943865
0.9052,1.1260637642545281
0.9054000000000001,1.444024710257952
0.9056000000000001,-0.4722744023745151
0.9058,-0.4268410131446527
0.906,0.3869403931812608
0.9062,0.8690375325871572
0.9064000000000001,0.6839284577041268
0.9066000000000001,0.10474651897560583
0.9068,-0.8049543518701401
0.907,-1.0464664088104834
0.9072,1.6422232982797955
0.9074000000000001,-0.4359232398291689
0.9076000000000001,-2.1009982699799146
0.9078,-2.6493963684311295
0.908,-1.8533963801531765
0.9082,-1.1650497777765736
0.9084000000000001,-0.6479426036468969
0.9086000000000001,-1.3531789333893147
0.9088,-3.323263776616519
0.909,-1.2186900990156577
0.9092,-0.02318442057453135
0.9094000000000001,-0.41005450855490133
0.9096000000000001,-1.3977192570339205
0.9098,-0.8348690487764125
0.91,1.1892691000908122
0.9102,1.9549647339266958
0.9104000000000001,1.1424934898437755
0.9106000000000001,0.06321450418469599
0.9108,0.23876948149032523
0.911,1.907543830145911
0.9112,3.010878915521653
0.9114000000000001,2.797426461070838
0.9116000000000001,1.925868333916779
0.9118,1.3000961785035983
0.912,2.1011519848309734
0.9122,2.382855223659001
0.9124,2.567183255499981
0.9126000000000001,0.10300139532314753
0.9128000000000001,0.08285890228456527
0.913,0.5146872599292609
0.9132,1.4731453618506851
0.9134,-0.33820880812544374
0.9136000000000001,0.26424966277928896
0.9138000000000001,-0.9792344790174208
0.914,-0.33204746747212377
0.9142,0.8010248617541991
0.9144,-0.028693542259507043
0.9146000000000001,0.1804693302239262
0.9148000000000001,-1.4770944983869614
0.915,-0.5924710167772554
0.9152,0.16746375433043914
0.9154,0.7470063578655589
0.9156000000000001,-0.15200746482364952
0.9158000000000001,-0.27139199835382455
0.916,0.7250649900657175
0.9162,1.0328196040280524
0.9164,-0.35818239095411264
0.9166000000000001,-0.9946930744937019
0.9168000000000001,-1.0372303682267199
0.917,0.16759829321658848
0.9172,0.487927314021641
0.9174,-0.14735421556454897
0.9176000000000001,-0.5406623955508039
0.9178000000000001,-1.601660518377244
0.918,-1.7279112959654321
0.9182,-1.6329615376164555
0.9184,-0.9521704358102098
0.9186000000000001,-2.3170495190319134
0.9188000000000001,-1.8986092144611395
0.919,-0.8141836062921433
0.9192,-0.5904915649648655
0.9194,-1.0535281899818476
0.9196000000000001,-1.8905082143454401
0.9198000000000001,-0.9647880261343932
0.92,-0.855262712321216
0.9202,1.4571101935092212
0.9204,1.2027071854644653
0.9206000000000001,0.22596161464840736
0.9208000000000001,-0.03577397970244006
0.921,0.7791648362844148
0.9212,2.247384277250583
0.9214,2.7377566916680824
0.9216000000000001,0.5783499876265932
0.9218000000000001,0.5222196072487498
0.922,1.9355284618630888
0.9222,2.393073390617916
0.9224,0.6239493972833641
0.9226000000000001,0.6564159591902471
0.9228000000000001,-0.34647566466925217
0.923,0.5655973655207998
0.9232,0.5773640865227284
0.9234,0.5066117413337887
0.9236000000000001,-0.43980918077183384
0.9238000000000001,-0.4462252197552473
0.924,-0.8472223974103497
0.9242,0.3821379514772778
0.9244,0.3384636483007415
0.9246000000000001,-0.1257034490287977
0.9248000000000001,-0.9477747533119716
0.925,0.3883846974345748
0.9252,0.8674543131522416
0.9254,1.186909850179254
0.9256000000000001,-0.5545933016716256
0.9258000000000001,-0.6114741063817528
0.926,0.7144042271320716
0.9262,1.6207801647815772
0.9264,1.4116421548150466
0.9266000000000001,-0.35899271665743904
0.9268000000000001,-1.1245693180624872
0.927,-0.8941693406918444
0.9272,0.7454866968098605
0.9274,0.5317963708747115
0.9276000000000001,-2.3840829102664536
0.9278000000000001,-1.7719895692063068
0.928,-1.421036563126814
0.9282,-0.6584303329380868
0.9284,-1.1477998008493102
0.9286000000000001,-2.6057403723700747
0.9288000000000001,-3.644535976566032
0.929,-1.3318262277364712
0.9292,-0.8899408240748753
0.9294,-0.7618716759363651
0.9296000000000001,-0.7551732160975718
0.9298000000000001,-1.6871762973995823
0.93,-0.2360659654941261
0.9302,1.1208535919324052
0.9304,1.2270555045373823
0.9306000000000001,-0.24615245799053098
0.9308000000000001,0.04657266490098427
0.931,1.4272290445211389
0.9312,3.4518764431629756
0.9314,1.849761317323777
0.9316000000000001,0.13279861787575942
0.9318000000000001,0.36948236914892657
0.932,2.0756954531075977
0.9322,2.438143544970906
0.9324,1.204907953705134
0.9326000000000001,0.41741657755841655
0.9328000000000001,-0.818958243874427
0.933,0.8248146753580995
0.9332,0.9078986747606869
0.9334,0.6444542079167666
0.9336000000000001,-0.7827333364907713
0.9338000000000001,-0.5902106582045884
0.934,-0.25464801974378026
0.9342,0.6723134728728078
0.9344,0.6598424208763908
0.9346000000000001,-1.155562054572941
0.9348000000000001,-1.0107590130914452
0.935,-1.1529607912439932
0.9352,0.29493312465289134
0.9354,1.7207966390652027
0.9356000000000001,-0.6771180969423656
0.9358000000000001,-0.17308695736425073
0.936,0.5228491501701806
0.9362,2.1522052242359466
0.9364,1.13121003680204
0.9366000000000001,-0.3479498833941287
0.9368000000000001,-1.7860979383423556
0.937,-0.9834446924861495
0.9372,-0.5524931666141031
0.9374,-0.29359425903396863
0.9376000000000001,-0.8326604600824075
0.9378000000000001,-2.450988293135121
0.9380000000000001,-1.910835158331659
0.9382,-0.542676079506286
0.9384,-0.8503710565733515
0.9386,-2.495919238765799
0.9388000000000001,-2.0098126908162453
0.9390000000000001,-1.6770747321121007
0.9392,-0.3552833874425768
0.9394,-1.0459974916672405
0.9396,-2.1056871878564083
0.9398000000000001,-1.5172742957510945
0.9400000000000001,0.2963402989582508
0.9402,1.1992020704259496
0.9404,1.3117489639871907
0.9406,0.4787985296610544
0.9408000000000001,1.3156120037615482
0.9410000000000001,1.4645507308548056
0.9412,2.7937551666457865
0.9414,3.060281167699361
0.9416,1.2603674898033024
0.9418000000000001,1.0261340792885212
0.9420000000000001,1.4095101388486364
0.9422,1.5654061865514959
0.9424,1.9850582720617487
0.9426,0.5490165715070143
0.9428000000000001,0.17004690647645127
0.9430000000000001,1.1179926819554513
0.9432,0.8179031271153951
0.9434,0.8233181485802231
0.9436,-0.38173591812817276
0.9438000000000001,-2.1073130117172023
0.9440000000000001,-0.823907036174325
0.9442,0.06254347078091893
0.9444,1.0867750565053036
0.9446,-0.9934660707191209
0.9448000000000001,-1.0534713848619166
0.9450000000000001,-0.11584758257243359
0.9452,1.6719997945907399
0.9454,1.1207481465639972
0.9456,-0.047985682884988085
0.9458000000000001,-0.07209588667095612
0.9460000000000001,-0.7890594660311699
0.9462,0.5100017329766396
0.9464,0.6569215553149624
0.9466,-0.5751176520574639
0.9468000000000001,-1.391332605504355
0.9470000000000001,0.41730091512364986
0.9472,0.27628634006324726
0.9474,-0.07727460779479423
0.9476,-0.6902220076954759
0.9478000000000001,-2.1412537237792093
0.9480000000000001,-2.1910564573386875
0.9482,-0.23250025686756132
0.9484,-0.878129886269327
0.9486,-2.153253722948598
0.9488000000000001,-3.3366804206996945
0.9490000000000001,-1.418565261145302
0.9492,-0.17097784567011112
0.9494,0.22558403831787477
0.9496,-0.3810747294462872
0.9498000000000001,-0.2271146284694936
0.9500000000000001,0.006532417845473211
0.9502,0.6229283938925653
0.9504,1.1852975605409688
0.9506,0.32257016573281894
0.9508000000000001,0.33708091748012603
0.9510000000000001,1.8820917600480833
0.9512,2.821953173309649
0.9514,2.0932586263050337
0.9516,1.3846373413555426
0.9518000000000001,0.6092882643911495
0.9520000000000001,1.5677372219471666
0.9522,2.764742599002398
0.9524,1.523444063513531
0.9526,0.8663672792903412
0.9528000000000001,0.28809021502925025
0.9530000000000001,-0.05526209138603205
0.9532,1.3216341739249327
0.9534,0.4041336717064504
0.9536,-1.1018140678415451
0.9538000000000001,-1.6015997252465048
0.9540000000000001,-0.01533361724376342
0.9542,0.08969463552130008
0.9544,1.4314322173230858
0.9546,-1.2216744695148472
0.9548000000000001,-1.1511865083238275
0.9550000000000001,0.2735144545524344
0.9552,0.7432719676719519
0.9554,0.47644147594586533
0.9556,-1.644809920488978
0.9558000000000001,-1.759053464881572
0.9560000000000001,-0.2893268979871517
0.9562,0.5601380478990381
0.9564,1.257424341229048
0.9566,-0.41225244350031687
0.9568000000000001,-1.7863786548904956
0.9570000000000001,-0.8441951239856247
0.9572,0.9415790116743178
0.9574,0.7407007654284454
0.9576,-2.1650367505019137
0.9578000000000001,-1.1417204899233702
0.9580000000000001,-2.076265978761637
0.9582,-1.1307284966805276
0.9584,-0.25995404967306657
0.9586,-1.2441102733635288
0.9588000000000001,-2.9643944912500757
0.9590000000000001,-0.8870270791706878
0.9592,-0.8282492825287665
0.9594,0.39528318877721846
0.9596,-1.0689172245782657
0.9598000000000001,-1.176926279642016
0.9600000000000001,0.35974614426317875
0.9602,1.303514060724157
0.9604,1.0079468059843262
0.9606,0.30823665662813365
0.9608000000000001,0.6642878662972993
0.9610000000000001,1.4661222005596313
0.9612,2.655077164874504
0.9614,2.642203493860745
0.9616,2.2519785425518775
0.9618000000000001,0.7319484417414576
0.9620000000000001,0.706059235193466
0.9622,2.4211805415043925
0.9624,1.9442251330500526
0.9626,0.7351283452229723
0.9628000000000001,-1.0913932021680814
0.9630000000000001,-0.03611515939755089
0.9632000000000001,1.142720785340087
0.9634,0.5782129746685388
0.9636,-1.2893103241198163
0.9638000000000001,-1.162362131272406
0.9640000000000001,0.326445240883315
0.9642000000000001,0.5751486246276816
0.9644,0.27445179719130125
0.9646,-1.1872313196263828
0.9648,-1.5849480338533413
0.9650000000000001,0.7877618883705142
0.9652000000000001,0.910942971207249
0.9654,1.3229194975252867
0.9656,0.15468378124993892
0.9658,-0.5777909955494298
0.9660000000000001,0.38742264208353444
0.9662000000000001,0.061316674772514235
0.9664,1.1255413164717298
0.9666,-0.9346803201313335
0.9668,-0.8925715797853062
0.9670000000000001,0.6317207217396006
0.9672000000000001,0.37692314746914235
0.9674,-0.6425974776208423
0.9676,-1.4941045675651285
0.9678,-1.4648297173825169
0.9680000000000001,-1.8477485675650889
0.9682000000000001,-0.7315963943980847
0.9684,-1.989014937690175
0.9686,-1.9290028753686164
0.9688,-1.77081603271625
0.9690000000000001,-2.00500879069666
0.9692000000000001,-1.0713990119413013
0.9694,-0.5461230482622296
0.9696,-1.15785979475879
0.9698,-1.6256817543418047
0.9700000000000001,0.2464472111430332
0.9702000000000001,1.4986999334159679
0.9704,1.5170567615015562
0.9706,0.2597867075917808
0.9708,0.3923066108999426
0.9710000000000001,1.6202536898908457
0.9712000000000001,2.8627978526533924
0.9714,1.4279882663422496
0.9716,1.066182559190692
0.9718,1.7809846877583868
0.9720000000000001,1.5571892175292457
0.9722000000000001,1.7178171249745278
0.9724,1.5826149462215606
0.9726,0.7076198455362652
0.9728,-0.11296029237849345
0.9730000000000001,-0.09626931918839093
0.9732000000000001,0.6172264730954742
0.9734,1.4846423001045685
0.9736,-0.9157135993056881
0.9738,-1.9915348646879711
0.9740000000000001,0.07678450072470844
0.9742000000000001,0.82481099123295
0.9744,0.48127250583490155
0.9746,-1.1126034096960908
0.9748,-1.2146351826966564
0.9750000000000001,0.6892560342571018
0.9752000000000001,1.5752133814824574
0.9754,0.18197297599700402
0.9756,-1.1412163811795444
0.9758,-1.1916543709952905
0.9760000000000001,0.4161674740368333
0.9762000000000001,0.8051257028695985
0.9764,1.0856592086885757
0.9766,-1.0206626985397431
0.9768,-1.845023337030026
0.9770000000000001,-0.7088194045810108
0.9772000000000001,0.6627987238563129
0.9774,-0.3852553235683868
0.9776,-0.9657544985926034
0.9778,-1.8774602432662935
0.9780000000000001,-1.801505736161766
0.9782000000000001,-0.2741173998595167
0.9784,-0.278493027871085
0.9786,-2.4181526494754197
0.9788,-2.7942494702686966
0.9790000000000001,-1.519982105100284
0.9792000000000001,-0.006784527462078138
0.9794,0.06633782630230978
0.9796,-1.199224754443629
0.9798,-1.9155654073063113
0.9800000000000001,-0.2818883115365893
0.9802000000000001,1.2664077531900333
0.9804,0.7396959332402233
0.9806,0.507488379929689
0.9808,-0.49381000684515686
0.9810000000000001,1.959342509752572
0.9812000000000001,2.6093632265904403
0.9814,2.86300503209217
0.9816,1.0189349053614176
0.9818,1.0189920257309506
0.9820000000000001,1.7962406814298812
0.9822000000000001,2.263856115490882
0.9824,1.605056870851207
0.9826,0.788356875186726
0.9828,0.18108679859109955
0.9830000000000001,0.917477582295612
0.9832000000000001,1.4416495493007262
0.9834,0.8573017000682354
0.9836,-0.3968441580019887
0.9838,-1.685667782799892
0.9840000000000001,-0.1671852656047162
0.9842000000000001,-0.057477962418919115
0.9844,0.34226836019048834
0.9846,-1.0444374703543668
0.9848,-0.6136755082034956
0.9850000000000001,0.5948521873296154
0.9852000000000001,0.5598330376909204
0.9854,0.6461117617893166
0.9856,-1.6195872349055358
0.9858,-0.4643315675509961
0.9860000000000001,0.27906898188609
0.9862000000000001,1.2869568375048541
0.9864,0.48589953402059555
0.9866,-0.34060976109713803
0.9868,-0.762770049158382
0.9870000000000001,-0.6068110836971616
0.9872000000000001,0.3987369611509276
0.9874,-0.6121099928372424
0.9876,-1.1572911358104765
0.9878,-2.937992688171987
0.9880000000000001,-1.4875209376695464
0.9882000000000001,0.1167491118066093
0.9884000000000001,-1.305061800527082
0.9886,-2.9357839860132966
0.9888,-2.8496293611081702
0.9890000000000001,-1.680981386559068
0.9892000000000001,-1.1050256383288721
0.9894000000000001,-0.512093580538875
0.9896,-2.0568154545603834
0.9898,-1.566425973137731
0.9900000000000001,0.14703286096149537
0.9902000000000001,1.5349411285774397
0.9904000000000001,1.8950160788002401
0.9906,-0.2921628786030783
0.9908,0.8112838838242116
0.991,0.9145834773910461
0.9912000000000001,2.200824960656295
0.9914000000000001,1.8075727478820456
0.9916,0.19587152272870723
0.9918,0.25241238710458935
0.992,1.5185024418422803
0.9922000000000001,1.5552804621679457
0.9924000000000001,1.8862600086643144
0.9926,0.3739154885726034
0.9928,-0.1448999174017318
0.993,0.12957761810609342
0.9932000000000001,2.21977732332706
0.9934000000000001,0.4649039014570861
0.9936,-1.160419722180969
0.9938,-1.3634528946251858
0.994,-0.3326812998423825
0.9942000000000001,0.8089262485782459
0.9944000000000001,1.302524554609799
0.9946,-0.8523760961719311
0.9948,-1.5517129335021622
0.995,0.09230087687129301
0.9952000000000001,1.7342463023141659
0.9954000000000001,1.4460841778665676
0.9956,0.32345035398838307
0.9958,-0.1681395395362359
0.996,0.934384073163415
0.9962000000000001,1.8158034966840084
0.9964000000000001,0.16889486431602796
0.9966,-0.8520322577418706
0.9968,-2.1346452496165433
0.997,-1.3283658890350574
0.9972000000000001,0.6089312316914022
0.9974000000000001,-0.3933094290597922
0.9976,-1.866751814674872
0.9978,-2.2736506687119737
0.998,-0.84574768542718
0.9982000000000001,-1.0785953695499095
0.9984000000000001,-1.0531059637238562
0.9986,-2.0722408736771207
0.9988,-3.1323729543649286
0.999,-1.798498677966298
0.9992000000000001,-0.728914065636004
0.9994000000000001,-0.27096562925748513
0.9996,-0.6925270018043868
0.9998,-1.615447796062786
